Year,Month,Season,Immature ,Mature
2003,1,1,0,50
2003,1,1,0,0
2003,1,1,0,27
2003,1,1,0,156
2003,1,1,0,123
2003,1,1,0,119
2003,1,1,3,8
2003,1,1,0,7
2003,1,1,0,230
2003,1,1,0,754
2003,1,1,0,0
2003,1,1,0,7
2003,1,1,0,115
2003,1,1,0,0
2003,1,1,0,204
2003,1,1,0,349
2003,1,1,0,81
2003,1,1,87,28
2003,1,1,9,111
2003,1,1,0,17
2003,1,1,0,0
2003,1,1,0,55
2003,1,1,0,15
2003,1,1,74,84
2003,1,1,91,1047
2003,1,1,92,1631
2003,1,1,2,412
2003,1,1,0,29
2003,1,1,2,385
2003,1,1,25,81
2003,1,1,0,11
2003,1,1,71,421
2003,1,1,230,1803
2003,1,1,103,626
2003,1,1,45,214
2003,1,1,3,43
2003,1,1,6,23
2003,1,1,4,138
2003,1,1,6,224
2003,1,1,19,182
2003,1,1,32,99
2003,1,1,0,12
2003,1,1,40,159
2003,1,1,187,1304
2003,1,1,629,2371
2003,1,1,92,349
2003,1,1,339,2344
2003,1,1,227,1794
2003,1,1,54,244
2003,1,1,29,265
2003,1,1,85,1119
2003,1,1,30,458
2003,1,1,5,69
2003,1,1,47,206
2003,1,1,124,639
2003,1,1,72,445
2003,1,1,48,515
2003,1,1,63,936
2003,1,1,1,8
2003,1,1,1,71
2003,1,1,8,33
2003,1,1,32,486
2003,1,1,0,47
2003,1,1,15,105
2003,1,1,1,19
2003,1,1,4,25
2003,1,1,0,36
2003,1,1,0,0
2003,1,1,35,1454
2003,1,1,11,353
2003,1,1,50,729
2003,1,1,130,2433
2003,1,1,133,1933
2003,2,1,0,0
2003,2,1,0,53
2003,2,1,0,0
2003,2,1,0,58
2003,2,1,0,59
2003,2,1,0,75
2003,2,1,20,63
2003,2,1,0,102
2003,2,1,0,0
2003,2,1,0,613
2003,2,1,0,21
2003,2,1,0,52
2003,2,1,0,92
2003,2,1,0,15
2003,2,1,0,64
2003,2,1,12,161
2003,2,1,0,4
2003,2,1,0,0
2003,2,1,0,2
2003,2,1,3,78
2003,2,1,16,19
2003,2,1,3,37
2003,2,1,49,874
2003,2,1,2,332
2003,2,1,25,25
2003,2,1,0,23
2003,2,1,4,645
2003,2,1,243,1442
2003,2,1,371,2909
2003,2,1,85,518
2003,2,1,24,113
2003,2,1,143,2338
2003,2,1,34,143
2003,2,1,4,126
2003,2,1,2,59
2003,2,1,3,31
2003,2,1,29,87
2003,2,1,253,999
2003,2,1,138,963
2003,2,1,294,1108
2003,2,1,175,667
2003,2,1,96,666
2003,2,1,38,298
2003,2,1,10,47
2003,2,1,1,5
2003,2,1,0,4
2003,2,1,31,136
2003,2,1,95,488
2003,2,1,77,477
2003,2,1,188,2031
2003,2,1,48,712
2003,2,1,0,5
2003,2,1,2,116
2003,2,1,1,4
2003,2,1,7,103
2003,2,1,13,92
2003,2,1,123,848
2003,2,1,85,2431
2003,2,1,148,886
2003,2,1,0,0
2003,2,1,0,79
2003,2,1,0,3
2003,2,1,0,13
2003,2,1,41,1730
2003,2,1,28,933
2003,2,1,22,326
2003,2,1,14,180
2003,2,1,0,14
2003,2,1,132,2485
2003,2,1,53,765
2003,2,1,23,68
2003,2,1,0,40
2003,3,1,0,0
2003,3,1,0,0
2003,3,1,0,0
2003,3,1,28,43
2003,3,1,54,161
2003,3,1,0,3
2003,3,1,0,0
2003,3,1,0,0
2003,3,1,0,0
2003,3,1,0,0
2003,3,1,0,2
2003,3,1,0,98
2003,3,1,1,2
2003,3,1,0,38
2003,3,1,0,282
2003,3,1,0,259
2003,3,1,3,1
2003,3,1,1,8
2003,3,1,1,207
2003,3,1,6,167
2003,3,1,1,271
2003,3,1,0,34
2003,3,1,3,492
2003,3,1,11,66
2003,3,1,22,174
2003,3,1,37,224
2003,3,1,457,2174
2003,3,1,109,1771
2003,3,1,41,172
2003,3,1,1,48
2003,3,1,281,1108
2003,3,1,82,571
2003,3,1,126,475
2003,3,1,594,2260
2003,3,1,476,3293
2003,3,1,26,203
2003,3,1,5,21
2003,3,1,7,64
2003,3,1,2,20
2003,3,1,42,182
2003,3,1,91,466
2003,3,1,173,1073
2003,3,1,91,983
2003,3,1,34,500
2003,3,1,10,116
2003,3,1,3,132
2003,3,1,2,12
2003,3,1,108,740
2003,3,1,57,1647
2003,3,1,69,410
2003,3,1,0,0
2003,3,1,0,5
2003,3,1,49,471
2003,3,1,0,82
2003,3,1,0,0
2003,3,1,120,1523
2003,3,1,0,352
2003,3,1,72,1344
2003,3,1,243,3544
2003,3,1,29,88
2003,3,1,0,550
2003,4,2,0,0
2003,4,2,0,0
2003,4,2,0,0
2003,4,2,0,2
2003,4,2,0,4
2003,4,2,0,11
2003,4,2,2,140
2003,4,2,0,160
2003,4,2,0,33
2003,4,2,0,4
2003,4,2,0,0
2003,4,2,0,274
2003,4,2,8,87
2003,4,2,0,458
2003,4,2,0,825
2003,4,2,6,118
2003,4,2,2,562
2003,4,2,0,32
2003,4,2,0,42
2003,4,2,10,135
2003,4,2,147,874
2003,4,2,85,386
2003,4,2,62,1386
2003,4,2,50,505
2003,4,2,41,75
2003,4,2,1,45
2003,4,2,1,252
2003,4,2,7,91
2003,4,2,197,1962
2003,4,2,495,2350
2003,4,2,126,866
2003,4,2,36,559
2003,4,2,0,56
2003,4,2,195,1363
2003,4,2,524,4751
2003,4,2,354,3235
2003,4,2,319,1397
2003,4,2,26,99
2003,4,2,67,571
2003,4,2,459,3893
2003,4,2,199,1674
2003,4,2,7,30
2003,4,2,6,4
2003,4,2,37,286
2003,4,2,33,555
2003,4,2,4,28
2003,4,2,105,723
2003,4,2,214,2343
2003,4,2,1,20
2003,4,2,34,684
2003,4,2,4,247
2003,4,2,55,1087
2003,4,2,1645,17380
2003,5,2,0,56
2003,5,2,1,20
2003,5,2,2,3
2003,5,2,1,21
2003,5,2,5,411
2003,5,2,0,267
2003,5,2,1,94
2003,5,2,0,44
2003,5,2,0,14
2003,5,2,0,11
2003,5,2,0,0
2003,5,2,0,3
2003,5,2,0,24
2003,5,2,0,301
2003,5,2,1,11
2003,5,2,0,1074
2003,5,2,0,43
2003,5,2,54,77
2003,5,2,5,96
2003,5,2,1,383
2003,5,2,90,1196
2003,5,2,631,3741
2003,5,2,53,242
2003,5,2,10,232
2003,5,2,5,52
2003,5,2,33,60
2003,5,2,4,225
2003,5,2,1,187
2003,5,2,19,246
2003,5,2,671,6681
2003,5,2,243,1154
2003,5,2,35,239
2003,5,2,12,194
2003,5,2,0,159
2003,5,2,50,351
2003,5,2,427,3869
2003,5,2,236,2161
2003,5,2,374,1634
2003,5,2,7,25
2003,5,2,3,4
2003,5,2,0,12
2003,5,2,0,19
2003,5,2,0,0
2003,5,2,0,26
2003,5,2,221,1885
2003,5,2,616,5222
2003,5,2,465,3917
2003,5,2,108,449
2003,5,2,42,28
2003,5,2,0,0
2003,5,2,0,0
2003,5,2,307,2389
2003,5,2,8,126
2003,5,2,14,97
2003,5,2,1593,17431
2003,5,2,72,1503
2003,5,2,14,277
2003,5,2,1270,13420
2003,6,2,0,0
2003,6,2,26,452
2003,6,2,0,1
2003,6,2,1,59
2003,6,2,1,21
2003,6,2,2,109
2003,6,2,14,309
2003,6,2,2,130
2003,6,2,0,136
2003,6,2,5,864
2003,6,2,0,50
2003,6,2,0,10
2003,6,2,0,4
2003,6,2,0,0
2003,6,2,0,7
2003,6,2,1,68
2003,6,2,0,8
2003,6,2,1,122
2003,6,2,0,205
2003,6,2,0,75
2003,6,2,3,29
2003,6,2,0,681
2003,6,2,0,765
2003,6,2,2,2
2003,6,2,5,103
2003,6,2,1,291
2003,6,2,384,5127
2003,6,2,609,3607
2003,6,2,77,351
2003,6,2,30,677
2003,6,2,27,270
2003,6,2,33,62
2003,6,2,7,334
2003,6,2,291,3682
2003,6,2,320,3191
2003,6,2,220,1047
2003,6,2,16,110
2003,6,2,24,381
2003,6,2,0,27
2003,6,2,127,190
2003,6,2,0,0
2003,6,2,83,583
2003,6,2,34,304
2003,6,2,223,2045
2003,6,2,891,3898
2003,6,2,319,1197
2003,6,2,66,117
2003,6,2,0,89
2003,6,2,0,19
2003,6,2,0,0
2003,6,2,0,0
2003,6,2,13,109
2003,6,2,46,387
2003,6,2,209,1760
2003,6,2,215,897
2003,6,2,270,184
2003,6,2,2,19
2003,6,2,1,21
2003,6,2,1,5
2003,6,2,1531,16744
2003,6,2,94,1942
2003,6,2,46,920
2003,6,2,51,538
2003,7,3,8,127
2003,7,3,20,197
2003,7,3,0,80
2003,7,3,0,95
2003,7,3,5,179
2003,7,3,2,249
2003,7,3,12,454
2003,7,3,0,88
2003,7,3,0,18
2003,7,3,0,67
2003,7,3,0,19
2003,7,3,0,1
2003,7,3,2,52
2003,7,3,0,7
2003,7,3,0,0
2003,7,3,0,11
2003,7,3,0,6
2003,7,3,0,12
2003,7,3,0,51
2003,7,3,1,105
2003,7,3,1,399
2003,7,3,0,98
2003,7,3,7,583
2003,7,3,0,442
2003,7,3,0,3
2003,7,3,9,42
2003,7,3,1,20
2003,7,3,0,9
2003,7,3,2,40
2003,7,3,8,166
2003,7,3,5,316
2003,7,3,499,8364
2003,7,3,30,765
2003,7,3,14,413
2003,7,3,26,160
2003,7,3,36,384
2003,7,3,92,775
2003,7,3,3,464
2003,7,3,15,287
2003,7,3,2,28
2003,7,3,3,25
2003,7,3,13,583
2003,7,3,10,295
2003,7,3,17,330
2003,7,3,2,207
2003,7,3,46,311
2003,7,3,29,735
2003,7,3,14,1691
2003,7,3,31,1047
2003,7,3,0,36
2003,7,3,0,16
2003,7,3,0,24
2003,7,3,6,129
2003,7,3,68,1179
2003,7,3,119,1358
2003,7,3,2,275
2003,7,3,2,87
2003,7,3,1,17
2003,7,3,0,60
2003,7,3,0,98
2003,7,3,6,239
2003,7,3,208,493
2003,7,3,7,191
2003,7,3,6,19
2003,7,3,2,6
2003,7,3,0,63
2003,7,3,0,124
2003,7,3,7,2
2003,7,3,2,3
2003,7,3,0,74
2003,7,3,0,2
2003,8,3,5,86
2003,8,3,5,52
2003,8,3,0,164
2003,8,3,0,32
2003,8,3,1,56
2003,8,3,4,588
2003,8,3,12,445
2003,8,3,8,90
2003,8,3,0,7
2003,8,3,3,176
2003,8,3,0,19
2003,8,3,0,21
2003,8,3,2,83
2003,8,3,5,106
2003,8,3,8,205
2003,8,3,0,55
2003,8,3,0,0
2003,8,3,0,0
2003,8,3,0,6
2003,8,3,0,2
2003,8,3,0,14
2003,8,3,1,42
2003,8,3,18,25
2003,8,3,0,34
2003,8,3,2,636
2003,8,3,0,136
2003,8,3,1,68
2003,8,3,4,264
2003,8,3,4,50
2003,8,3,132,636
2003,8,3,17,321
2003,8,3,5,213
2003,8,3,3,71
2003,8,3,4,96
2003,8,3,6,124
2003,8,3,12,811
2003,8,3,68,1144
2003,8,3,0,6
2003,8,3,32,970
2003,8,3,25,157
2003,8,3,128,1346
2003,8,3,143,1198
2003,8,3,2,382
2003,8,3,14,273
2003,8,3,69,850
2003,8,3,57,437
2003,8,3,3,77
2003,8,3,0,11
2003,8,3,0,7
2003,8,3,1,28
2003,8,3,1,119
2003,8,3,34,229
2003,8,3,24,607
2003,8,3,2,190
2003,8,3,3,104
2003,8,3,8,460
2003,8,3,1,113
2003,8,3,2,48
2003,8,3,32,555
2003,8,3,305,3491
2003,8,3,11,1512
2003,8,3,0,14
2003,8,3,1,22
2003,8,3,0,74
2003,8,3,8,331
2003,8,3,65,153
2003,8,3,8,240
2003,8,3,0,30
2003,9,3,8,132
2003,9,3,3,25
2003,9,3,0,23
2003,9,3,0,9
2003,9,3,3,449
2003,9,3,1,40
2003,9,3,2,192
2003,9,3,0,15
2003,9,3,4,50
2003,9,3,0,19
2003,9,3,1,85
2003,9,3,0,87
2003,9,3,0,2
2003,9,3,1,45
2003,9,3,9,193
2003,9,3,7,185
2003,9,3,0,17
2003,9,3,0,10
2003,9,3,0,54
2003,9,3,0,77
2003,9,3,0,5
2003,9,3,0,50
2003,9,3,0,2
2003,9,3,1,13
2003,9,3,0,58
2003,9,3,0,8
2003,9,3,0,5
2003,9,3,4,128
2003,9,3,61,81
2003,9,3,0,42
2003,9,3,1,22
2003,9,3,0,27
2003,9,3,0,50
2003,9,3,2,632
2003,9,3,0,49
2003,9,3,0,3
2003,9,3,0,8
2003,9,3,0,14
2003,9,3,39,451
2003,9,3,103,498
2003,9,3,25,487
2003,9,3,5,207
2003,9,3,21,574
2003,9,3,1,14
2003,9,3,5,108
2003,9,3,30,109
2003,9,3,13,857
2003,9,3,60,1007
2003,9,3,4,93
2003,9,3,85,2580
2003,9,3,202,1251
2003,9,3,120,1259
2003,9,3,21,173
2003,9,3,0,52
2003,9,3,5,88
2003,9,3,8,102
2003,9,3,64,493
2003,9,3,14,310
2003,9,3,0,53
2003,9,3,23,1054
2003,9,3,0,4
2003,9,3,0,37
2003,9,3,25,170
2003,9,3,2,46
2003,9,3,0,4
2003,9,3,3,183
2003,9,3,3,386
2003,9,3,0,22
2003,9,3,1,13
2003,9,3,13,228
2003,9,3,54,622
2003,9,3,5,633
2003,9,3,1,45
2003,9,3,3,44
2003,9,3,0,19
2003,9,3,2,77
2003,9,3,54,127
2003,9,3,0,2
2003,9,3,0,3
2003,10,4,0,1
2003,10,4,0,87
2003,10,4,0,99
2003,10,4,0,4
2003,10,4,0,7
2003,10,4,0,10
2003,10,4,45,54
2003,10,4,0,6
2003,10,4,0,3
2003,10,4,0,59
2003,10,4,39,205
2003,10,4,5,52
2003,10,4,0,9
2003,10,4,0,6
2003,10,4,0,179
2003,10,4,0,71
2003,10,4,0,26
2003,10,4,0,1
2003,10,4,5,181
2003,10,4,4,1236
2003,10,4,32,459
2003,10,4,36,787
2003,10,4,2,190
2003,10,4,1,62
2003,10,4,0,170
2003,10,4,3,738
2003,10,4,1,67
2003,10,4,0,30
2003,10,4,14,440
2003,10,4,7,207
2003,10,4,159,2554
2003,10,4,43,879
2003,10,4,37,520
2003,10,4,16,719
2003,10,4,4,157
2003,10,4,0,11
2003,10,4,2,80
2003,10,4,2,723
2003,10,4,5,435
2003,10,4,0,21
2003,10,4,38,1300
2003,10,4,8,158
2003,10,4,2,29
2003,10,4,1,29
2003,10,4,7,176
2003,10,4,0,21
2003,10,4,0,11
2003,10,4,2,32
2003,10,4,1,59
2003,10,4,0,78
2003,10,4,1,21
2003,10,4,9,278
2003,10,4,3,145
2003,10,4,0,135
2003,10,4,0,121
2003,10,4,1,12
2003,10,4,0,26
2003,10,4,0,352
2003,10,4,0,527
2003,10,4,0,2
2003,11,4,0,3
2003,11,4,0,6
2003,11,4,0,67
2003,11,4,1,60
2003,11,4,0,52
2003,11,4,0,26
2003,11,4,21,25
2003,11,4,0,17
2003,11,4,51,269
2003,11,4,6,19
2003,11,4,0,3
2003,11,4,0,21
2003,11,4,0,7
2003,11,4,1,8
2003,11,4,6,201
2003,11,4,5,1450
2003,11,4,64,904
2003,11,4,72,1583
2003,11,4,4,433
2003,11,4,2,84
2003,11,4,1,529
2003,11,4,0,117
2003,11,4,5,159
2003,11,4,3,80
2003,11,4,6,102
2003,11,4,7,151
2003,11,4,46,652
2003,11,4,14,636
2003,11,4,23,975
2003,11,4,1,503
2003,11,4,9,428
2003,11,4,2,578
2003,11,4,1,66
2003,11,4,0,12
2003,11,4,169,5837
2003,11,4,76,1450
2003,11,4,43,657
2003,11,4,1,36
2003,11,4,7,173
2003,11,4,3,205
2003,11,4,0,105
2003,11,4,2,50
2003,11,4,1,50
2003,11,4,0,60
2003,11,4,0,9
2003,11,4,292,2494
2003,11,4,33,610
2003,11,4,9,92
2003,11,4,3,100
2003,11,4,3,152
2003,11,4,0,135
2003,11,4,2,35
2003,11,4,0,16
2003,11,4,0,274
2003,11,4,0,223
2003,11,4,0,3
2003,11,4,0,12
2003,11,4,9,71
2003,11,4,13,101
2003,11,4,0,167
2003,11,4,2,102
2003,11,4,72,2424
2003,12,4,0,9
2003,12,4,0,1
2003,12,4,0,4
2003,12,4,0,86
2003,12,4,72,85
2003,12,4,0,19
2003,12,4,0,69
2003,12,4,0,17
2003,12,4,4,43
2003,12,4,5,29
2003,12,4,9,82
2003,12,4,2,5
2003,12,4,0,10
2003,12,4,0,69
2003,12,4,3,36
2003,12,4,37,1239
2003,12,4,5,1543
2003,12,4,4,64
2003,12,4,0,7
2003,12,4,0,6
2003,12,4,1,61
2003,12,4,0,28
2003,12,4,8,263
2003,12,4,8,249
2003,12,4,39,625
2003,12,4,12,236
2003,12,4,5,73
2003,12,4,2,107
2003,12,4,1,37
2003,12,4,0,39
2003,12,4,2,104
2003,12,4,0,15
2003,12,4,0,9
2003,12,4,1,48
2003,12,4,113,2157
2003,12,4,247,3810
2003,12,4,55,2160
2003,12,4,3,65
2003,12,4,3,204
2003,12,4,0,1
2003,12,4,3,291
2003,12,4,0,49
2003,12,4,5,144
2003,12,4,661,5643
2003,12,4,202,3687
2003,12,4,223,2247
2003,12,4,29,910
2003,12,4,6,314
2003,12,4,0,12
2003,12,4,4,59
2003,12,4,0,97
2003,12,4,0,8
2003,12,4,2,189
2003,12,4,0,120
2003,12,4,0,3
2003,12,4,0,5
2003,12,4,39,318
2003,12,4,0,1458
2003,12,4,2,23
2003,12,4,108,3639
2004,1,1,0,0
2004,1,1,0,0
2004,1,1,0,17
2004,1,1,0,42
2004,1,1,0,2
2004,1,1,1,106
2004,1,1,0,8
2004,1,1,0,47
2004,1,1,0,0
2004,1,1,0,14
2004,1,1,16,39
2004,1,1,47,109
2004,1,1,0,17
2004,1,1,0,3
2004,1,1,0,3
2004,1,1,0,60
2004,1,1,0,4
2004,1,1,0,0
2004,1,1,3,163
2004,1,1,21,1096
2004,1,1,58,831
2004,1,1,26,177
2004,1,1,39,57
2004,1,1,25,61
2004,1,1,1,1
2004,1,1,0,35
2004,1,1,0,9
2004,1,1,165,1848
2004,1,1,111,2884
2004,1,1,79,756
2004,1,1,9,285
2004,1,1,7,39
2004,1,1,0,49
2004,1,1,3,25
2004,1,1,0,40
2004,1,1,0,87
2004,1,1,42,889
2004,1,1,91,1121
2004,1,1,80,866
2004,1,1,156,2103
2004,1,1,75,1247
2004,1,1,16,166
2004,1,1,0,5
2004,1,1,4,100
2004,1,1,17,400
2004,1,1,0,36
2004,1,1,7,126
2004,1,1,4,43
2004,1,1,16,221
2004,1,1,92,837
2004,1,1,12,200
2004,1,1,8,4
2004,1,1,7,42
2004,1,1,23,70
2004,1,1,1,142
2004,1,1,0,0
2004,1,1,4,53
2004,1,1,58,599
2004,1,1,95,521
2004,1,1,1,6
2004,1,1,0,149
2004,1,1,219,1448
2004,1,1,152,1763
2004,2,1,0,0
2004,2,1,0,7
2004,2,1,0,21
2004,2,1,0,11
2004,2,1,0,0
2004,2,1,0,0
2004,2,1,1,4
2004,2,1,0,38
2004,2,1,0,7
2004,2,1,0,1
2004,2,1,0,1
2004,2,1,8,19
2004,2,1,12,28
2004,2,1,0,18
2004,2,1,0,9
2004,2,1,1,9
2004,2,1,8,25
2004,2,1,3,158
2004,2,1,2,34
2004,2,1,1,6
2004,2,1,1,2
2004,2,1,28,40
2004,2,1,0,18
2004,2,1,15,173
2004,2,1,10,267
2004,2,1,6,57
2004,2,1,1,20
2004,2,1,0,1
2004,2,1,0,1
2004,2,1,27,246
2004,2,1,0,6
2004,2,1,8,177
2004,2,1,221,2735
2004,2,1,9,102
2004,2,1,6,83
2004,2,1,108,1789
2004,2,1,57,569
2004,2,1,0,577
2004,2,1,2,55
2004,2,1,9,198
2004,2,1,0,0
2004,2,1,113,2182
2004,2,1,4,44
2004,2,1,49,656
2004,2,1,258,2336
2004,2,1,63,1075
2004,2,1,63,36
2004,2,1,17,96
2004,2,1,59,181
2004,2,1,0,20
2004,2,1,6,16
2004,2,1,25,322
2004,2,1,190,1950
2004,2,1,91,496
2004,2,1,7,70
2004,2,1,99,772
2004,2,1,0,26
2004,2,1,49,327
2004,2,1,250,2907
2004,3,1,0,0
2004,3,1,0,39
2004,3,1,0,24
2004,3,1,0,14
2004,3,1,0,5
2004,3,1,8,22
2004,3,1,0,0
2004,3,1,11,38
2004,3,1,1,2
2004,3,1,7,26
2004,3,1,12,42
2004,3,1,6,29
2004,3,1,12,81
2004,3,1,4,8
2004,3,1,6,158
2004,3,1,10,96
2004,3,1,12,401
2004,3,1,27,152
2004,3,1,0,111
2004,3,1,363,3270
2004,3,1,3,74
2004,3,1,229,2830
2004,3,1,60,658
2004,3,1,59,789
2004,3,1,53,869
2004,3,1,2,25
2004,3,1,6,144
2004,3,1,7,171
2004,3,1,0,0
2004,3,1,25,489
2004,3,1,264,2812
2004,3,1,167,2257
2004,3,1,466,4226
2004,3,1,36,614
2004,3,1,68,38
2004,3,1,1,4
2004,3,1,3,9
2004,3,1,0,11
2004,3,1,219,650
2004,3,1,147,1866
2004,3,1,313,3211
2004,3,1,870,4771
2004,3,1,7,72
2004,3,1,0,5
2004,3,1,4,36
2004,3,1,0,257
2004,3,1,0,0
2004,3,1,30,231
2004,3,1,0,54
2004,3,1,0,0
2004,3,1,1887,5478
2004,3,1,30,1020
2004,3,1,0,0
2004,3,1,0,0
2004,3,1,180,2092
2004,3,1,38,2048
2004,3,1,41,404
2004,3,1,0,0
2004,4,2,0,23
2004,4,2,25,985
2004,4,2,0,214
2004,4,2,0,0
2004,4,2,0,5
2004,4,2,4,23
2004,4,2,3,48
2004,4,2,0,61
2004,4,2,0,26
2004,4,2,0,2
2004,4,2,0,18
2004,4,2,0,185
2004,4,2,9,115
2004,4,2,2,39
2004,4,2,24,260
2004,4,2,2,47
2004,4,2,3,375
2004,4,2,92,404
2004,4,2,8,70
2004,4,2,3,46
2004,4,2,25,1071
2004,4,2,42,1183
2004,4,2,9,170
2004,4,2,6,52
2004,4,2,311,854
2004,4,2,103,1777
2004,4,2,193,6127
2004,4,2,24,1663
2004,4,2,18,261
2004,4,2,11,4
2004,4,2,41,365
2004,4,2,536,4845
2004,4,2,317,5652
2004,4,2,297,2424
2004,4,2,1,106
2004,4,2,26,821
2004,4,2,7,828
2004,4,2,617,18124
2004,4,2,49,1322
2004,4,2,911,10753
2004,4,2,29,406
2004,4,2,179,4329
2004,4,2,133,4380
2004,4,2,381,5386
2004,5,2,0,33
2004,5,2,2,93
2004,5,2,0,43
2004,5,2,0,0
2004,5,2,0,26
2004,5,2,0,5
2004,5,2,1,31
2004,5,2,0,2
2004,5,2,18,103
2004,5,2,6,84
2004,5,2,0,0
2004,5,2,0,55
2004,5,2,0,0
2004,5,2,2,5
2004,5,2,10,104
2004,5,2,4,246
2004,5,2,2,111
2004,5,2,15,209
2004,5,2,6,134
2004,5,2,44,472
2004,5,2,1,37
2004,5,2,45,406
2004,5,2,53,985
2004,5,2,37,1592
2004,5,2,9,255
2004,5,2,15,295
2004,5,2,40,110
2004,5,2,35,598
2004,5,2,91,2885
2004,5,2,89,6268
2004,5,2,64,935
2004,5,2,105,59
2004,5,2,5,2
2004,5,2,34,306
2004,5,2,164,1482
2004,5,2,263,4689
2004,5,2,49,403
2004,5,2,0,0
2004,5,2,0,31
2004,5,2,31,965
2004,5,2,1,121
2004,5,2,702,20626
2004,5,2,67,1833
2004,5,2,383,4520
2004,5,2,64,1545
2004,5,2,360,11802
2004,5,2,821,11601
2004,6,2,0,54
2004,6,2,0,631
2004,6,2,18,516
2004,6,2,28,881
2004,6,2,27,256
2004,6,2,110,614
2004,6,2,15,213
2004,6,2,0,17
2004,6,2,0,112
2004,6,2,0,4
2004,6,2,0,0
2004,6,2,0,0
2004,6,2,0,0
2004,6,2,0,0
2004,6,2,0,10
2004,6,2,243,2485
2004,6,2,11,618
2004,6,2,27,1740
2004,6,2,26,352
2004,6,2,70,1563
2004,6,2,80,858
2004,6,2,12,306
2004,6,2,3,437
2004,6,2,34,151
2004,6,2,7,29
2004,6,2,0,0
2004,6,2,14,123
2004,6,2,5,84
2004,6,2,7,324
2004,6,2,6,168
2004,6,2,8,167
2004,6,2,39,313
2004,6,2,26,150
2004,6,2,19,297
2004,6,2,9,691
2004,6,2,0,355
2004,6,2,7,119
2004,6,2,3,97
2004,6,2,7,478
2004,6,2,17,253
2004,6,2,1,0
2004,6,2,37,14
2004,6,2,18,205
2004,6,2,168,877
2004,6,2,0,0
2004,6,2,1,13
2004,6,2,24,212
2004,6,2,17,307
2004,6,2,6,52
2004,6,2,0,49
2004,6,2,1,41
2004,6,2,0,4
2004,6,2,0,11
2004,6,2,331,9728
2004,6,2,11,300
2004,6,2,133,1567
2004,6,2,29,708
2004,6,2,255,8365
2004,6,2,181,2557
2004,7,3,0,106
2004,7,3,0,13
2004,7,3,0,17
2004,7,3,0,488
2004,7,3,9,366
2004,7,3,8,108
2004,7,3,13,197
2004,7,3,0,516
2004,7,3,4,456
2004,7,3,0,9
2004,7,3,14,141
2004,7,3,20,124
2004,7,3,4,41
2004,7,3,0,33
2004,7,3,0,161
2004,7,3,0,12
2004,7,3,8,185
2004,7,3,42,475
2004,7,3,85,978
2004,7,3,13,49
2004,7,3,1,28
2004,7,3,0,612
2004,7,3,0,3
2004,7,3,1,33
2004,7,3,0,2
2004,7,3,4,74
2004,7,3,0,106
2004,7,3,3,76
2004,7,3,34,334
2004,7,3,48,550
2004,7,3,2,77
2004,7,3,14,130
2004,7,3,1,83
2004,7,3,0,112
2004,7,3,0,169
2004,7,3,7,681
2004,7,3,54,488
2004,7,3,12,106
2004,7,3,84,488
2004,7,3,70,1563
2004,7,3,35,1770
2004,7,3,4,157
2004,7,3,8,34
2004,7,3,0,44
2004,7,3,0,52
2004,7,3,0,76
2004,7,3,14,989
2004,7,3,170,1239
2004,7,3,10,8
2004,7,3,282,526
2004,7,3,9,236
2004,7,3,15,254
2004,7,3,0,0
2004,7,3,10,39
2004,7,3,0,166
2004,7,3,19,117
2004,7,3,70,329
2004,7,3,8,8
2004,7,3,0,111
2004,7,3,0,277
2004,7,3,0,815
2004,7,3,6,144
2004,8,3,0,167
2004,8,3,0,10
2004,8,3,0,147
2004,8,3,0,120
2004,8,3,11,465
2004,8,3,59,779
2004,8,3,24,355
2004,8,3,6,692
2004,8,3,0,102
2004,8,3,0,1
2004,8,3,0,7
2004,8,3,0,40
2004,8,3,19,182
2004,8,3,33,207
2004,8,3,24,224
2004,8,3,0,17
2004,8,3,0,0
2004,8,3,0,2
2004,8,3,0,6
2004,8,3,0,2
2004,8,3,0,31
2004,8,3,0,21
2004,8,3,6,139
2004,8,3,94,1052
2004,8,3,17,191
2004,8,3,1,28
2004,8,3,13,39
2004,8,3,23,83
2004,8,3,1,29
2004,8,3,0,73
2004,8,3,0,6
2004,8,3,12,353
2004,8,3,9,353
2004,8,3,56,1637
2004,8,3,97,1898
2004,8,3,0,10
2004,8,3,20,192
2004,8,3,36,417
2004,8,3,4,136
2004,8,3,4,35
2004,8,3,1,90
2004,8,3,0,18
2004,8,3,0,66
2004,8,3,8,749
2004,8,3,156,1401
2004,8,3,35,319
2004,8,3,24,140
2004,8,3,10,228
2004,8,3,16,790
2004,8,3,4,178
2004,8,3,0,19
2004,8,3,0,28
2004,8,3,0,49
2004,8,3,0,11
2004,8,3,7,478
2004,8,3,213,1553
2004,8,3,171,132
2004,8,3,75,139
2004,8,3,13,354
2004,8,3,6,104
2004,8,3,0,0
2004,8,3,0,21
2004,8,3,12,70
2004,8,3,53,249
2004,8,3,323,323
2004,8,3,0,80
2004,8,3,0,0
2004,8,3,0,0
2004,9,3,0,132
2004,9,3,0,5
2004,9,3,0,5
2004,9,3,1,9
2004,9,3,8,117
2004,9,3,0,98
2004,9,3,2,181
2004,9,3,0,36
2004,9,3,0,5
2004,9,3,5,158
2004,9,3,2,37
2004,9,3,0,32
2004,9,3,12,113
2004,9,3,3,18
2004,9,3,1,11
2004,9,3,0,1
2004,9,3,0,33
2004,9,3,0,41
2004,9,3,0,20
2004,9,3,0,36
2004,9,3,9,31
2004,9,3,5,46
2004,9,3,0,20
2004,9,3,0,0
2004,9,3,1,457
2004,9,3,0,118
2004,9,3,0,20
2004,9,3,0,26
2004,9,3,0,0
2004,9,3,0,0
2004,9,3,0,19
2004,9,3,0,3
2004,9,3,0,0
2004,9,3,0,1
2004,9,3,7,150
2004,9,3,145,1623
2004,9,3,70,801
2004,9,3,11,537
2004,9,3,50,149
2004,9,3,5,17
2004,9,3,0,13
2004,9,3,0,62
2004,9,3,0,1
2004,9,3,0,0
2004,9,3,0,1
2004,9,3,0,61
2004,9,3,27,772
2004,9,3,75,3030
2004,9,3,144,4232
2004,9,3,87,1717
2004,9,3,0,290
2004,9,3,24,664
2004,9,3,36,357
2004,9,3,55,627
2004,9,3,1,55
2004,9,3,0,3
2004,9,3,1,82
2004,9,3,0,102
2004,9,3,0,784
2004,9,3,17,1578
2004,9,3,71,640
2004,9,3,62,557
2004,9,3,63,361
2004,9,3,33,732
2004,9,3,11,542
2004,9,3,0,3
2004,9,3,0,1
2004,9,3,0,121
2004,9,3,0,870
2004,9,3,0,45
2004,9,3,5,388
2004,9,3,88,641
2004,9,3,229,177
2004,9,3,52,97
2004,9,3,0,41
2004,9,3,11,63
2004,9,3,25,118
2004,9,3,942,942
2004,10,4,0,0
2004,10,4,0,0
2004,10,4,0,0
2004,10,4,42,523
2004,10,4,4,117
2004,10,4,3,7
2004,10,4,0,1
2004,10,4,8,114
2004,10,4,0,41
2004,10,4,0,10
2004,10,4,0,44
2004,10,4,0,13
2004,10,4,0,133
2004,10,4,5,201
2004,10,4,0,0
2004,10,4,0,0
2004,10,4,0,23
2004,10,4,6,718
2004,10,4,42,1516
2004,10,4,119,1843
2004,10,4,4,880
2004,10,4,8,217
2004,10,4,0,59
2004,10,4,0,10
2004,10,4,0,205
2004,10,4,24,731
2004,10,4,53,2245
2004,10,4,0,1631
2004,10,4,91,2767
2004,10,4,0,1276
2004,10,4,1,334
2004,10,4,0,67
2004,10,4,21,171
2004,10,4,1,252
2004,10,4,10,30
2004,10,4,36,416
2004,10,4,2,174
2004,10,4,3,680
2004,10,4,12,1508
2004,10,4,42,1047
2004,10,4,0,0
2004,10,4,0,133
2004,10,4,0,139
2004,10,4,0,442
2004,10,4,2,593
2004,10,4,0,41
2004,10,4,0,1098
2004,10,4,0,42
2004,10,4,6,747
2004,10,4,634,845
2004,10,4,1410,2442
2004,10,4,129,192
2004,10,4,0,23
2004,10,4,0,0
2004,10,4,0,0
2004,10,4,61,481
2004,10,4,226,281
2004,10,4,5,70
2004,10,4,0,0
2004,10,4,0,0
2004,10,4,0,0
2004,10,4,0,0
2004,10,4,0,0
2004,11,4,0,0
2004,11,4,0,0
2004,11,4,33,409
2004,11,4,4,98
2004,11,4,3,199
2004,11,4,13,189
2004,11,4,2,229
2004,11,4,0,152
2004,11,4,0,77
2004,11,4,0,44
2004,11,4,0,104
2004,11,4,2,75
2004,11,4,0,0
2004,11,4,0,0
2004,11,4,0,8
2004,11,4,0,0
2004,11,4,0,0
2004,11,4,29,3449
2004,11,4,82,2913
2004,11,4,143,2205
2004,11,4,0,0
2004,11,4,0,8
2004,11,4,0,2470
2004,11,4,85,2615
2004,11,4,76,3181
2004,11,4,0,2588
2004,11,4,16,477
2004,11,4,0,916
2004,11,4,0,85
2004,11,4,0,103
2004,11,4,36,284
2004,11,4,1,261
2004,11,4,931,2721
2004,11,4,328,3745
2004,11,4,12,870
2004,11,4,8,1853
2004,11,4,9,1187
2004,11,4,12,300
2004,11,4,0,0
2004,11,4,0,29
2004,11,4,0,439
2004,11,4,0,1620
2004,11,4,1,425
2004,11,4,0,669
2004,11,4,0,177
2004,11,4,1,202
2004,11,4,111,147
2004,11,4,409,709
2004,11,4,137,204
2004,11,4,0,109
2004,11,4,0,48
2004,11,4,0,0
2004,11,4,0,0
2004,11,4,0,0
2004,11,4,143,1123
2004,11,4,325,403
2004,11,4,13,182
2004,11,4,0,0
2004,11,4,0,0
2004,11,4,0,0
2004,11,4,0,0
2004,11,4,0,0
2004,12,4,0,0
2004,12,4,2,26
2004,12,4,3,84
2004,12,4,0,1
2004,12,4,2,131
2004,12,4,4,58
2004,12,4,2,205
2004,12,4,0,84
2004,12,4,0,47
2004,12,4,0,40
2004,12,4,0,0
2004,12,4,0,84
2004,12,4,5,203
2004,12,4,0,0
2004,12,4,0,0
2004,12,4,0,5
2004,12,4,0,0
2004,12,4,7,836
2004,12,4,171,6100
2004,12,4,20,314
2004,12,4,0,1
2004,12,4,0,5
2004,12,4,0,0
2004,12,4,2004,9593
2004,12,4,0,7083
2004,12,4,79,2441
2004,12,4,241,10171
2004,12,4,0,485
2004,12,4,0,5
2004,12,4,0,1014
2004,12,4,0,40
2004,12,4,0,297
2004,12,4,13,102
2004,12,4,0,64
2004,12,4,2024,5914
2004,12,4,360,4107
2004,12,4,60,4517
2004,12,4,12,3005
2004,12,4,21,2661
2004,12,4,8,186
2004,12,4,0,22
2004,12,4,0,334
2004,12,4,0,419
2004,12,4,1,373
2004,12,4,0,1877
2004,12,4,0,2404
2004,12,4,0,431
2004,12,4,53,7193
2004,12,4,1701,2267
2004,12,4,28,48
2004,12,4,282,421
2004,12,4,0,62
2004,12,4,0,78
2004,12,4,0,0
2004,12,4,0,0
2004,12,4,0,0
2004,12,4,0,0
2004,12,4,182,1433
2004,12,4,224,278
2004,12,4,1,19
2004,12,4,0,0
2004,12,4,0,0
2004,12,4,0,0
2004,12,4,0,0
2004,12,4,0,0
2004,12,4,0,0
2004,12,4,0,0
2004,12,4,0,0
2004,12,4,0,0
2005,1,1,22,186
2005,1,1,0,2
2005,1,1,0,27
2005,1,1,0,2
2005,1,1,0,13
2005,1,1,1,36
2005,1,1,144,174
2005,1,1,5,10
2005,1,1,0,2
2005,1,1,0,8
2005,1,1,0,1
2005,1,1,0,45
2005,1,1,1,2
2005,1,1,4,13
2005,1,1,0,1
2005,1,1,0,135
2005,1,1,10,1002
2005,1,1,8,161
2005,1,1,11,431
2005,1,1,3,27
2005,1,1,0,13
2005,1,1,5,79
2005,1,1,3,43
2005,1,1,1,6
2005,1,1,6,87
2005,1,1,8,207
2005,1,1,0,16
2005,1,1,37,167
2005,1,1,5,25
2005,1,1,38,2835
2005,1,1,103,3504
2005,1,1,115,2239
2005,1,1,26,455
2005,1,1,462,14003
2005,2,1,0,3
2005,2,1,0,2
2005,2,1,1,3
2005,2,1,0,2
2005,2,1,0,6
2005,2,1,3,11
2005,2,1,0,69
2005,2,1,2,169
2005,2,1,4,99
2005,2,1,4,30
2005,2,1,1,21
2005,2,1,2,93
2005,2,1,6,57
2005,2,1,0,5
2005,2,1,0,5
2005,2,1,0,4
2005,2,1,0,5
2005,2,1,1,8
2005,2,1,1,14
2005,2,1,1,89
2005,2,1,0,30
2005,2,1,0,2
2005,2,1,1,70
2005,2,1,0,21
2005,2,1,0,48
2005,2,1,32,812
2005,2,1,65,298
2005,2,1,31,1047
2005,2,1,43,3274
2005,2,1,38,1313
2005,2,1,9,174
2005,2,1,18,313
2005,2,1,1,127
2005,2,1,52,3936
2005,2,1,506,15326
2005,3,1,0,15
2005,3,1,0,2
2005,3,1,0,2
2005,3,1,0,1
2005,3,1,0,3
2005,3,1,0,5
2005,3,1,0,23
2005,3,1,1,34
2005,3,1,2,16
2005,3,1,14,226
2005,3,1,2,47
2005,3,1,1,49
2005,3,1,0,8
2005,3,1,0,15
2005,3,1,0,30
2005,3,1,441,14779
2005,3,1,35,2643
2005,3,1,0,17
2005,3,1,49,842
2005,3,1,24,3998
2005,3,1,120,9023
2005,3,1,448,13559
2005,4,2,0,7
2005,4,2,0,15
2005,4,2,0,13
2005,4,2,0,38
2005,4,2,0,3
2005,4,2,0,14
2005,4,2,6,157
2005,4,2,24,787
2005,4,2,1,27
2005,4,2,0,3
2005,4,2,10,147
2005,4,2,4,35
2005,4,2,280,24631
2005,4,2,11,915
2005,4,2,25,619
2005,4,2,9,144
2005,4,2,18,113
2005,4,2,472,78150
2005,4,2,70,10305
2005,4,2,91,3695
2005,4,2,0,165
2005,5,2,0,3
2005,5,2,0,12
2005,5,2,0,3
2005,5,2,0,7
2005,5,2,0,2
2005,5,2,0,48
2005,5,2,0,21
2005,5,2,0,4
2005,5,2,0,29
2005,5,2,0,12
2005,5,2,0,39
2005,5,2,7,164
2005,5,2,12,398
2005,5,2,8,105
2005,5,2,1,50
2005,5,2,0,2
2005,5,2,1,11
2005,5,2,476,41845
2005,5,2,92,7465
2005,5,2,5,89
2005,5,2,64,10624
2005,5,2,257,37992
2005,5,2,201,8154
2005,6,2,0,1
2005,6,2,0,4
2005,6,2,0,25
2005,6,2,0,33
2005,6,2,0,19
2005,6,2,0,6
2005,6,2,1,153
2005,6,2,0,22
2005,6,2,5,349
2005,6,2,1,168
2005,6,2,5,26
2005,6,2,0,1
2005,6,2,1,44
2005,6,2,2,75
2005,6,2,0,22
2005,6,2,0,30
2005,6,2,0,14
2005,6,2,1,47
2005,6,2,4,167
2005,6,2,1,13
2005,6,2,0,130
2005,6,2,58,5076
2005,6,2,15,1203
2005,6,2,0,7
2005,6,2,8,133
2005,6,2,3,426
2005,6,2,10,1497
2005,6,2,169,6846
2005,7,3,0,2
2005,7,3,0,23
2005,7,3,0,11
2005,7,3,0,10
2005,7,3,0,1
2005,7,3,12,93
2005,7,3,13,720
2005,7,3,0,22
2005,7,3,0,51
2005,7,3,7,17
2005,7,3,17,5118
2005,8,3,0,2
2005,8,3,0,12
2005,8,3,3,24
2005,8,3,6,351
2005,8,3,1,98
2005,8,3,0,37
2005,8,3,0,242
2005,8,3,0,24
2005,8,3,38,32
2005,8,3,5,14
2005,8,3,3,5
2005,8,3,0,73
2005,8,3,2,715
2005,9,3,0,4
2005,9,3,0,31
2005,9,3,0,2
2005,9,3,0,152
2005,9,3,0,104
2005,9,3,152,125
2005,9,3,18,44
2005,9,3,0,20
2005,9,3,0,72
2005,9,3,0,248
2005,9,3,1,3
2005,9,3,0,0
2005,10,4,5,22
2005,10,4,0,116
2005,10,4,0,47
2005,10,4,0,7
2005,10,4,0,1
2005,10,4,0,16
2005,10,4,0,123
2005,10,4,19,372
2005,10,4,0,48
2005,10,4,0,5
2005,10,4,0,41
2005,10,4,0,64
2005,10,4,0,81
2005,10,4,0,13
2005,10,4,0,30
2005,10,4,0,127
2005,10,4,0,2
2005,10,4,1,65
2005,11,4,0,9
2005,11,4,42,188
2005,11,4,0,5
2005,11,4,4,36
2005,11,4,19,127
2005,11,4,0,41
2005,11,4,0,253
2005,11,4,2,40
2005,11,4,0,4
2005,11,4,0,23
2005,11,4,0,6
2005,11,4,0,81
2005,11,4,0,26
2005,11,4,74,8221
2005,12,4,0,16
2005,12,4,3,15
2005,12,4,42,283
2005,12,4,1,58
2005,12,4,0,17
2005,12,4,1,11
2005,12,4,2,138
2005,12,4,0,1
2005,12,4,0,143
2005,12,4,3,56
2005,12,4,1,44
2005,12,4,0,15
2005,12,4,1,2216
2005,12,4,130,513
2005,12,4,31,202
2005,12,4,1,1183
2005,12,4,83,9220
2006,1,1,0,110
2006,1,1,0,0
2006,1,1,0,31
2006,1,1,2,37
2006,1,1,19,205
2006,1,1,13,151
2006,1,1,3,109
2006,1,1,6,98
2006,1,1,0,11
2006,1,1,0,41
2006,1,1,0,112
2006,1,1,2,89
2006,1,1,2,70
2006,1,1,12,96
2006,1,1,0,90
2006,1,1,0,6
2006,1,1,10,206
2006,1,1,0,2
2006,1,1,17,1534
2006,1,1,16,787
2006,1,1,2,298
2006,1,1,0,277
2006,1,1,4,694
2006,1,1,2,293
2006,1,1,0,143
2006,1,1,0,38
2006,1,1,118,3190
2006,1,1,23,3698
2006,1,1,20,1974
2006,1,1,0,567
2006,1,1,0,121
2006,1,1,0,39
2006,1,1,3,182
2006,1,1,0,4
2006,1,1,0,26
2006,1,1,39,1102
2006,1,1,121,5369
2006,1,1,133,9468
2006,1,1,255,3539
2006,1,1,196,1644
2006,1,1,0,12
2006,1,1,0,94
2006,1,1,0,73
2006,1,1,1,172
2006,1,1,0,471
2006,1,1,97,5291
2006,1,1,514,10232
2006,1,1,246,12472
2006,1,1,15,1177
2006,1,1,0,2
2006,1,1,0,3
2006,1,1,0,44
2006,1,1,0,20
2006,1,1,10,620
2006,1,1,106,5014
2006,1,1,198,4601
2006,1,1,160,6223
2006,1,1,0,13
2006,1,1,0,18
2006,1,1,1,9
2006,1,1,0,48
2006,1,1,2,48
2006,1,1,0,12
2006,1,1,0,2569
2006,1,1,0,5561
2006,1,1,18,75
2006,1,1,176,972
2006,1,1,4,250
2006,1,1,57,4343
2006,1,1,58,16170
2006,1,1,0,71
2006,2,1,0,16
2006,2,1,0,3
2006,2,1,4,50
2006,2,1,2,85
2006,2,1,3,45
2006,2,1,0,9
2006,2,1,0,38
2006,2,1,1,25
2006,2,1,1,33
2006,2,1,23,180
2006,2,1,1,98
2006,2,1,0,42
2006,2,1,0,15
2006,2,1,1,41
2006,2,1,1,77
2006,2,1,1,193
2006,2,1,1,198
2006,2,1,0,321
2006,2,1,60,1619
2006,2,1,2,289
2006,2,1,2,182
2006,2,1,0,182
2006,2,1,0,114
2006,2,1,7,376
2006,2,1,3,260
2006,2,1,54,1539
2006,2,1,53,2344
2006,2,1,32,2278
2006,2,1,77,1073
2006,2,1,70,581
2006,2,1,0,352
2006,2,1,0,303
2006,2,1,0,25
2006,2,1,1,139
2006,2,1,101,5471
2006,2,1,147,2936
2006,2,1,135,6872
2006,2,1,63,5101
2006,2,1,0,108
2006,2,1,0,27
2006,2,1,0,36
2006,2,1,0,61
2006,2,1,26,1638
2006,2,1,31,1455
2006,2,1,103,2385
2006,2,1,92,3601
2006,2,1,0,532
2006,2,1,0,1
2006,2,1,1,23
2006,2,1,74,2157
2006,2,1,1,7766
2006,2,1,0,2755
2006,2,1,175,964
2006,2,1,4,221
2006,2,1,13,1015
2006,2,1,116,32513
2006,3,1,0,8
2006,3,1,0,21
2006,3,1,0,1
2006,3,1,0,13
2006,3,1,0,9
2006,3,1,0,6
2006,3,1,0,55
2006,3,1,0,20
2006,3,1,0,82
2006,3,1,0,3
2006,3,1,0,21
2006,3,1,24,642
2006,3,1,3,406
2006,3,1,1,72
2006,3,1,0,56
2006,3,1,0,16
2006,3,1,5,298
2006,3,1,0,24
2006,3,1,0,19
2006,3,1,11,320
2006,3,1,16,690
2006,3,1,13,919
2006,3,1,132,1831
2006,3,1,241,2020
2006,3,1,0,4
2006,3,1,0,127
2006,3,1,0,32
2006,3,1,0,7
2006,3,1,0,27
2006,3,1,21,880
2006,3,1,82,4461
2006,3,1,228,4535
2006,3,1,66,3340
2006,3,1,15,1229
2006,3,1,0,6
2006,3,1,0,365
2006,3,1,0,727
2006,3,1,0,1580
2006,3,1,0,50
2006,3,1,0,31
2006,3,1,42,2673
2006,3,1,38,1797
2006,3,1,24,555
2006,3,1,11,424
2006,3,1,0,52
2006,3,1,0,1
2006,3,1,0,40
2006,3,1,0,23
2006,3,1,221,6455
2006,3,1,0,18
2006,3,1,1,8078
2006,3,1,0,2992
2006,3,1,13,53
2006,3,1,171,946
2006,3,1,42,2478
2006,3,1,125,9611
2006,3,1,60,16820
2006,4,2,0,1
2006,4,2,0,1
2006,4,2,0,2
2006,4,2,8,80
2006,4,2,8,16
2006,4,2,0,27
2006,4,2,3,60
2006,4,2,0,28
2006,4,2,5,32
2006,4,2,0,13
2006,4,2,0,2
2006,4,2,0,18
2006,4,2,0,36
2006,4,2,0,28
2006,4,2,13,254
2006,4,2,21,1081
2006,4,2,8,308
2006,4,2,25,1062
2006,4,2,3,602
2006,4,2,29,238
2006,4,2,0,93
2006,4,2,0,46
2006,4,2,48,2520
2006,4,2,119,6809
2006,4,2,91,2112
2006,4,2,1,40
2006,4,2,0,249
2006,4,2,7,1942
2006,4,2,114,3995
2006,4,2,105,1271
2006,4,2,0,208
2006,4,2,0,28
2006,4,2,1,35
2006,4,2,8,72
2006,4,2,147,13475
2006,4,2,0,271
2006,4,2,0,804
2006,4,2,33,3217
2006,4,2,12,94
2006,4,2,7,1880
2006,4,2,239,17384
2006,4,2,12,10403
2006,5,2,0,12
2006,5,2,0,2
2006,5,2,0,27
2006,5,2,1,154
2006,5,2,4,75
2006,5,2,1,12
2006,5,2,106,612
2006,5,2,0,76
2006,5,2,4,95
2006,5,2,0,69
2006,5,2,0,39
2006,5,2,8,162
2006,5,2,23,1187
2006,5,2,21,844
2006,5,2,9,384
2006,5,2,3,540
2006,5,2,2,13
2006,5,2,0,3
2006,5,2,58,3055
2006,5,2,86,4879
2006,5,2,127,2948
2006,5,2,3,126
2006,5,2,1,326
2006,5,2,49,1718
2006,5,2,13,157
2006,5,2,0,38
2006,5,2,3,141
2006,5,2,0,14
2006,5,2,188,17259
2006,5,2,0,210
2006,5,2,0,4961
2006,5,2,23,2221
2006,5,2,19,5164
2006,5,2,66,4759
2006,5,2,8,7211
2006,6,2,0,61
2006,6,2,1,204
2006,6,2,0,95
2006,6,2,9,162
2006,6,2,9,127
2006,6,2,0,5
2006,6,2,3,92
2006,6,2,1,74
2006,6,2,18,107
2006,6,2,0,54
2006,6,2,3,88
2006,6,2,0,39
2006,6,2,1,408
2006,6,2,16,210
2006,6,2,9,173
2006,6,2,22,1099
2006,6,2,16,636
2006,6,2,20,835
2006,6,2,9,1565
2006,6,2,31,261
2006,6,2,0,5
2006,6,2,0,262
2006,6,2,0,9
2006,6,2,0,26
2006,6,2,0,353
2006,6,2,27,1429
2006,6,2,15,875
2006,6,2,35,806
2006,6,2,2,110
2006,6,2,0,14
2006,6,2,60,11
2006,6,2,98,49
2006,6,2,0,2
2006,6,2,0,30
2006,6,2,0,6
2006,6,2,229,21097
2006,6,2,0,2958
2006,6,2,0,279
2006,6,2,3,263
2006,6,2,12,3169
2006,6,2,9,674
2006,6,2,8,6502
2006,7,3,0,2
2006,7,3,0,1
2006,7,3,1,117
2006,7,3,0,75
2006,7,3,0,136
2006,7,3,2,76
2006,7,3,2,244
2006,7,3,4,338
2006,7,3,0,76
2006,7,3,0,18
2006,7,3,0,3
2006,7,3,0,4
2006,7,3,0,111
2006,7,3,0,232
2006,7,3,0,110
2006,7,3,0,42
2006,7,3,3,233
2006,7,3,0,14
2006,7,3,0,3
2006,7,3,1,131
2006,7,3,5,217
2006,7,3,12,410
2006,7,3,6,351
2006,7,3,0,144
2006,7,3,0,159
2006,7,3,0,15
2006,7,3,0,55
2006,7,3,0,9
2006,7,3,0,5
2006,7,3,14,446
2006,7,3,52,144
2006,7,3,15,100
2006,7,3,0,4
2006,7,3,0,5
2006,7,3,0,8
2006,7,3,0,27
2006,7,3,0,49
2006,7,3,140,104
2006,7,3,0,18
2006,7,3,0,1
2006,7,3,0,14
2006,7,3,0,6
2006,7,3,20,2644
2006,7,3,0,30
2006,7,3,0,1192
2006,7,3,0,143
2006,7,3,20,1166
2006,8,3,0,3
2006,8,3,0,4
2006,8,3,0,123
2006,8,3,0,305
2006,8,3,5,189
2006,8,3,0,6
2006,8,3,0,167
2006,8,3,0,44
2006,8,3,0,26
2006,8,3,0,5
2006,8,3,0,184
2006,8,3,0,7
2006,8,3,0,4
2006,8,3,0,15
2006,8,3,3,157
2006,8,3,0,1
2006,8,3,0,14
2006,8,3,0,5
2006,8,3,0,36
2006,8,3,0,190
2006,8,3,0,50
2006,8,3,0,42
2006,8,3,0,12
2006,8,3,0,19
2006,8,3,0,34
2006,8,3,5,253
2006,8,3,8,261
2006,8,3,2,199
2006,8,3,3,172
2006,8,3,0,47
2006,8,3,0,88
2006,8,3,0,113
2006,8,3,0,66
2006,8,3,0,23
2006,8,3,2,71
2006,8,3,65,184
2006,8,3,8,54
2006,8,3,0,0
2006,8,3,0,9
2006,8,3,0,10
2006,8,3,0,71
2006,8,3,66,50
2006,8,3,0,0
2006,8,3,3,167
2006,9,3,0,30
2006,9,3,0,63
2006,9,3,0,235
2006,9,3,0,4
2006,9,3,1,112
2006,9,3,0,36
2006,9,3,0,11
2006,9,3,0,10
2006,9,3,1,0
2006,9,3,0,19
2006,9,3,3,151
2006,9,3,0,0
2006,9,3,0,1
2006,9,3,2,153
2006,9,3,1,199
2006,9,3,0,190
2006,9,3,0,16
2006,9,3,0,317
2006,9,3,32,89
2006,9,3,36,24
2006,9,3,0,185
2006,9,3,0,45
2006,9,3,0,2
2006,9,3,0,12
2006,9,3,1,35
2006,9,3,0,35
2006,9,3,0,45
2006,9,3,4,207
2006,9,3,0,4
2006,9,3,2,116
2006,9,3,0,76
2006,9,3,0,7
2006,9,3,0,2
2006,9,3,0,119
2006,9,3,0,54
2006,9,3,0,76
2006,9,3,0,8
2006,9,3,17,48
2006,9,3,2,12
2006,9,3,0,15
2006,9,3,0,43
2006,9,3,0,29
2006,9,3,0,3
2006,9,3,0,36
2006,9,3,0,48
2006,9,3,11,8
2006,9,3,0,9
2006,9,3,0,42
2006,9,3,0,45
2006,9,3,0,5
2006,9,3,0,49
2006,10,4,0,0
2006,10,4,0,3
2006,10,4,0,2
2006,10,4,0,6
2006,10,4,0,4
2006,10,4,9,39
2006,10,4,0,20
2006,10,4,0,49
2006,10,4,0,234
2006,10,4,0,48
2006,10,4,1,344
2006,10,4,0,8
2006,10,4,1,83
2006,10,4,0,13
2006,10,4,0,77
2006,10,4,0,19
2006,10,4,0,14
2006,10,4,1,59
2006,10,4,2,346
2006,10,4,0,298
2006,10,4,0,146
2006,10,4,0,2
2006,10,4,0,296
2006,10,4,0,35
2006,10,4,0,256
2006,10,4,0,151
2006,10,4,1,362
2006,10,4,0,439
2006,10,4,0,282
2006,10,4,0,151
2006,10,4,0,1
2006,10,4,0,3
2006,10,4,0,24
2006,10,4,0,24
2006,10,4,0,43
2006,10,4,0,363
2006,10,4,0,37
2006,10,4,0,5
2006,10,4,0,28
2006,10,4,1,1506
2006,10,4,0,149
2006,11,4,0,11
2006,11,4,0,2
2006,11,4,0,47
2006,11,4,0,48
2006,11,4,0,0
2006,11,4,0,62
2006,11,4,1,374
2006,11,4,0,14
2006,11,4,1,253
2006,11,4,1,223
2006,11,4,2,176
2006,11,4,0,103
2006,11,4,0,13
2006,11,4,0,112
2006,11,4,0,72
2006,11,4,1,156
2006,11,4,1,208
2006,11,4,1,641
2006,11,4,0,331
2006,11,4,0,236
2006,11,4,0,95
2006,11,4,0,184
2006,11,4,0,509
2006,11,4,0,18
2006,11,4,0,18
2006,11,4,0,24
2006,11,4,0,124
2006,11,4,0,40
2006,11,4,0,35
2006,11,4,0,135
2006,11,4,1,81
2006,11,4,1,783
2006,11,4,0,287
2006,12,4,0,5
2006,12,4,0,8
2006,12,4,0,59
2006,12,4,0,0
2006,12,4,0,6
2006,12,4,0,35
2006,12,4,0,15
2006,12,4,0,0
2006,12,4,0,0
2006,12,4,0,0
2006,12,4,0,78
2006,12,4,0,189
2006,12,4,0,10
2006,12,4,0,13
2006,12,4,0,33
2006,12,4,0,66
2006,12,4,0,188
2006,12,4,2,194
2006,12,4,1,219
2006,12,4,0,74
2006,12,4,0,6
2006,12,4,0,27
2006,12,4,0,131
2006,12,4,0,364
2006,12,4,0,150
2006,12,4,2,510
2006,12,4,0,193
2006,12,4,0,55
2006,12,4,0,51
2006,12,4,0,39
2006,12,4,0,503
2006,12,4,0,18
2006,12,4,0,22
2006,12,4,0,25
2006,12,4,0,81
2006,12,4,0,34
2006,12,4,0,269
2006,12,4,0,480
2006,12,4,5,748
2006,12,4,2,150
2007,1,1,2,14
2007,1,1,1,7
2007,1,1,1,0
2007,1,1,0,0
2007,1,1,0,25
2007,1,1,0,35
2007,1,1,0,19
2007,1,1,0,2
2007,1,1,0,129
2007,1,1,0,7
2007,1,1,37,74
2007,1,1,132,500
2007,1,1,0,67
2007,1,1,62,358
2007,1,1,29,276
2007,1,1,0,64
2007,1,1,25,2347
2007,1,1,29,4787
2007,1,1,5,54
2007,1,1,1,48
2007,1,1,181,421
2007,1,1,164,1145
2007,1,1,0,30
2007,1,1,12,152
2007,1,1,3,65
2007,1,1,1,24
2007,1,1,2,2019
2007,1,1,24,4484
2007,1,1,0,93
2007,1,1,4,982
2007,1,1,0,1265
2007,1,1,0,244
2007,1,1,0,45
2007,1,1,1,192
2007,1,1,5,1542
2007,1,1,1,259
2007,1,1,0,59
2007,1,1,0,10
2007,1,1,0,30
2007,1,1,0,7
2007,1,1,2,241
2007,1,1,5,1858
2007,1,1,0,47
2007,1,1,0,664
2007,1,1,0,479
2007,1,1,1,4098
2007,1,1,12,8743
2007,1,1,3,5340
2007,1,1,4,846
2007,1,1,2,13519
2007,2,1,0,1
2007,2,1,0,3
2007,2,1,0,97
2007,2,1,0,161
2007,2,1,2,3
2007,2,1,6,7
2007,2,1,0,273
2007,2,1,51,102
2007,2,1,4,17
2007,2,1,50,288
2007,2,1,22,201
2007,2,1,0,55
2007,2,1,6,585
2007,2,1,8,1276
2007,2,1,19,202
2007,2,1,8,553
2007,2,1,86,201
2007,2,1,2,16
2007,2,1,37,457
2007,2,1,6,138
2007,2,1,1,51
2007,2,1,1,882
2007,2,1,6,1109
2007,2,1,2,576
2007,2,1,0,53
2007,2,1,2,471
2007,2,1,0,170
2007,2,1,0,52
2007,2,1,1,178
2007,2,1,2,305
2007,2,1,5,1491
2007,2,1,1,291
2007,2,1,0,24
2007,2,1,0,7
2007,2,1,0,33
2007,2,1,0,20
2007,2,1,36,415
2007,2,1,7,381
2007,2,1,10,1080
2007,2,1,2,689
2007,2,1,0,0
2007,2,1,0,10
2007,2,1,0,1803
2007,2,1,2,5427
2007,2,1,11,8486
2007,2,1,1,978
2007,2,1,6,1385
2007,2,1,0,3
2007,2,1,1,5885
2007,3,1,0,7
2007,3,1,50,62
2007,3,1,8,11
2007,3,1,7,42
2007,3,1,38,356
2007,3,1,0,195
2007,3,1,0,40
2007,3,1,4,671
2007,3,1,64,692
2007,3,1,2,6
2007,3,1,58,708
2007,3,1,5,106
2007,3,1,9,339
2007,3,1,0,177
2007,3,1,3,504
2007,3,1,1,212
2007,3,1,0,24
2007,3,1,1,124
2007,3,1,0,22
2007,3,1,39,4941
2007,3,1,11,1778
2007,3,1,2,559
2007,3,1,0,34
2007,3,1,0,68
2007,3,1,0,247
2007,3,1,69,807
2007,3,1,7,358
2007,3,1,3,348
2007,3,1,2,597
2007,3,1,0,26
2007,3,1,0,353
2007,3,1,0,294
2007,3,1,0,15
2007,3,1,0,372
2007,3,1,143,2713
2007,3,1,0,172
2007,3,1,2,4589
2007,3,1,2,1150
2007,3,1,0,348
2007,3,1,7,1621
2007,3,1,0,376
2007,3,1,6,486
2007,3,1,4,29581
2007,4,2,0,8
2007,4,2,0,9
2007,4,2,2,166
2007,4,2,0,47
2007,4,2,0,171
2007,4,2,4,33
2007,4,2,24,207
2007,4,2,6,235
2007,4,2,2,447
2007,4,2,2,635
2007,4,2,5,1079
2007,4,2,18,844
2007,4,2,42,3409
2007,4,2,38,6760
2007,4,2,31,1147
2007,4,2,1,16
2007,4,2,0,51
2007,4,2,0,338
2007,4,2,8,44
2007,4,2,0,51
2007,4,2,1,261
2007,4,2,21,1524
2007,4,2,43,1528
2007,4,2,6,166
2007,4,2,0,27
2007,4,2,0,4
2007,4,2,12,58
2007,4,2,12,33
2007,4,2,145,21136
2007,4,2,9,390
2007,4,2,2,1003
2007,4,2,0,259
2007,4,2,350,4689
2007,4,2,203,9776
2007,4,2,148,24327
2007,5,2,0,0
2007,5,2,4,0
2007,5,2,0,2
2007,5,2,0,2
2007,5,2,0,25
2007,5,2,0,59
2007,5,2,1,76
2007,5,2,1,151
2007,5,2,23,203
2007,5,2,2,83
2007,5,2,2,540
2007,5,2,1,474
2007,5,2,2,497
2007,5,2,0,21
2007,5,2,1,41
2007,5,2,11,884
2007,5,2,9,1633
2007,5,2,35,1302
2007,5,2,27,721
2007,5,2,0,63
2007,5,2,1,46
2007,5,2,0,13
2007,5,2,0,143
2007,5,2,25,1869
2007,5,2,27,948
2007,5,2,3,99
2007,5,2,19,240
2007,5,2,38,178
2007,5,2,4,12
2007,5,2,229,33456
2007,5,2,36,1611
2007,5,2,1,595
2007,5,2,0,1569
2007,5,2,90,1212
2007,5,2,268,12919
2007,5,2,80,13071
2007,6,2,0,5
2007,6,2,4,229
2007,6,2,2,165
2007,6,2,0,32
2007,6,2,51,44
2007,6,2,0,11
2007,6,2,0,8
2007,6,2,0,7
2007,6,2,0,62
2007,6,2,2,198
2007,6,2,37,1481
2007,6,2,0,53
2007,6,2,20,14
2007,6,2,0,25
2007,6,2,1,93
2007,6,2,2,195
2007,6,2,0,146
2007,6,2,5,46
2007,6,2,0,61
2007,6,2,3,103
2007,6,2,0,31
2007,6,2,7,5
2007,6,2,25,218
2007,6,2,6,216
2007,6,2,1,191
2007,6,2,0,108
2007,6,2,3,585
2007,6,2,0,232
2007,6,2,0,56
2007,6,2,20,381
2007,6,2,19,970
2007,6,2,54,871
2007,6,2,1,38
2007,6,2,3,128
2007,6,2,0,21
2007,6,2,1,129
2007,6,2,5,205
2007,6,2,52,1397
2007,6,2,0,103
2007,6,2,0,112
2007,6,2,0,17
2007,6,2,41,214
2007,6,2,1,83
2007,6,2,3,114
2007,6,2,2,51
2007,6,2,0,146
2007,6,2,0,10
2007,6,2,9,40
2007,6,2,65,9555
2007,6,2,71,3179
2007,6,2,0,13
2007,6,2,0,1099
2007,6,2,164,2192
2007,6,2,74,3557
2007,6,2,2,305
2007,7,3,14,224
2007,7,3,3,194
2007,7,3,0,26
2007,7,3,1,5
2007,7,3,7,2
2007,7,3,0,15
2007,7,3,0,1
2007,7,3,1,0
2007,7,3,53,38
2007,7,3,1,30
2007,7,3,0,77
2007,7,3,0,44
2007,7,3,5,131
2007,7,3,2,7
2007,7,3,0,24
2007,7,3,9,537
2007,7,3,4,163
2007,7,3,1,132
2007,7,3,1,80
2007,7,3,13,248
2007,7,3,7,204
2007,7,3,0,4
2007,7,3,0,75
2007,7,3,2,196
2007,7,3,0,56
2007,7,3,1,96
2007,7,3,0,35
2007,7,3,0,1
2007,7,3,0,3
2007,7,3,0,1
2007,7,3,1,693
2007,7,3,5,370
2007,7,3,36,1067
2007,7,3,0,47
2007,7,3,0,1
2007,7,3,0,2
2007,7,3,3,12
2007,7,3,0,571
2007,7,3,4,178
2007,7,3,12,455
2007,7,3,0,19
2007,7,3,0,33
2007,7,3,0,2
2007,7,3,0,1
2007,7,3,0,5
2007,7,3,3,365
2007,7,3,0,13
2007,7,3,0,4
2007,7,3,2,11
2007,7,3,1,0
2007,8,3,4,184
2007,8,3,7,107
2007,8,3,1,63
2007,8,3,0,5
2007,8,3,2,12
2007,8,3,128,26
2007,8,3,0,72
2007,8,3,0,2
2007,8,3,21,113
2007,8,3,8,6
2007,8,3,0,2
2007,8,3,0,8
2007,8,3,1,20
2007,8,3,3,69
2007,8,3,0,2
2007,8,3,7,21
2007,8,3,0,2
2007,8,3,0,24
2007,8,3,15,946
2007,8,3,17,637
2007,8,3,1,349
2007,8,3,1,41
2007,8,3,31,599
2007,8,3,8,250
2007,8,3,0,79
2007,8,3,0,122
2007,8,3,2,186
2007,8,3,0,20
2007,8,3,0,63
2007,8,3,0,1
2007,8,3,0,133
2007,8,3,0,1
2007,8,3,0,9
2007,8,3,0,30
2007,8,3,0,247
2007,8,3,7,587
2007,8,3,21,607
2007,8,3,0,4
2007,8,3,9,35
2007,8,3,0,67
2007,8,3,0,29
2007,8,3,3,133
2007,8,3,0,16
2007,8,3,1,12
2007,8,3,0,104
2007,8,3,0,5
2007,8,3,0,5
2007,8,3,1,3
2007,8,3,2,0
2007,9,3,1,35
2007,9,3,1,8
2007,9,3,0,2
2007,9,3,0,4
2007,9,3,23,136
2007,9,3,2,0
2007,9,3,0,13
2007,9,3,9,0
2007,9,3,0,8
2007,9,3,0,3
2007,9,3,13,22
2007,9,3,5,24
2007,9,3,2,80
2007,9,3,0,1
2007,9,3,0,4
2007,9,3,0,0
2007,9,3,2,37
2007,9,3,11,260
2007,9,3,0,1
2007,9,3,0,7
2007,9,3,0,16
2007,9,3,4,262
2007,9,3,1,24
2007,9,3,1,269
2007,9,3,3,158
2007,9,3,26,517
2007,9,3,11,322
2007,9,3,1,154
2007,9,3,1,218
2007,9,3,2,131
2007,9,3,0,10
2007,9,3,0,33
2007,9,3,0,15
2007,9,3,0,96
2007,9,3,5,69
2007,9,3,0,48
2007,9,3,1,60
2007,9,3,0,5
2007,9,3,0,397
2007,9,3,4,367
2007,9,3,11,312
2007,9,3,0,5
2007,9,3,4,36
2007,9,3,54,211
2007,9,3,0,370
2007,9,3,0,112
2007,9,3,0,23
2007,9,3,7,280
2007,9,3,0,16
2007,9,3,1,10
2007,9,3,14,256
2007,9,3,0,521
2007,9,3,0,6
2007,10,4,0,0
2007,10,4,0,17
2007,10,4,0,0
2007,10,4,0,16
2007,10,4,0,11
2007,10,4,2,89
2007,10,4,0,10
2007,10,4,0,0
2007,10,4,0,2
2007,10,4,0,6
2007,10,4,0,2
2007,10,4,0,12
2007,10,4,0,16
2007,10,4,1,7
2007,10,4,0,3
2007,10,4,0,7
2007,10,4,45,127
2007,10,4,0,55
2007,10,4,1,260
2007,10,4,0,323
2007,10,4,0,365
2007,10,4,5,332
2007,10,4,0,36
2007,10,4,10,24
2007,10,4,0,17
2007,10,4,0,18
2007,10,4,0,22
2007,10,4,0,89
2007,10,4,11,924
2007,10,4,15,978
2007,10,4,3,437
2007,10,4,1,784
2007,10,4,5,497
2007,10,4,17,769
2007,10,4,6,218
2007,10,4,1,113
2007,10,4,1,58
2007,10,4,0,12
2007,10,4,0,29
2007,10,4,4,136
2007,10,4,2,223
2007,10,4,0,132
2007,10,4,4,333
2007,10,4,4,166
2007,10,4,0,53
2007,10,4,0,14
2007,10,4,0,90
2007,10,4,4,307
2007,10,4,0,1088
2007,10,4,0,54
2007,10,4,1,54
2007,10,4,0,4
2007,10,4,0,105
2007,10,4,4,61
2007,10,4,2,176
2007,10,4,0,1501
2007,10,4,0,2
2007,10,4,0,7
2007,10,4,0,182
2007,10,4,0,4
2007,10,4,0,32
2007,10,4,1,6
2007,10,4,0,28
2007,10,4,1,12
2007,10,4,1,14
2007,11,4,10,32
2007,11,4,0,47
2007,11,4,0,1
2007,11,4,0,13
2007,11,4,0,0
2007,11,4,0,18
2007,11,4,0,8
2007,11,4,0,48
2007,11,4,0,16
2007,11,4,0,3
2007,11,4,38,426
2007,11,4,9,217
2007,11,4,0,71
2007,11,4,2,800
2007,11,4,4,887
2007,11,4,0,72
2007,11,4,0,259
2007,11,4,3,201
2007,11,4,0,20
2007,11,4,26,61
2007,11,4,1,39
2007,11,4,1,277
2007,11,4,0,512
2007,11,4,16,1384
2007,11,4,12,770
2007,11,4,2,317
2007,11,4,1,428
2007,11,4,4,472
2007,11,4,20,915
2007,11,4,15,566
2007,11,4,0,47
2007,11,4,0,169
2007,11,4,2,377
2007,11,4,1,27
2007,11,4,1,64
2007,11,4,0,11
2007,11,4,0,1
2007,11,4,1,100
2007,11,4,3,123
2007,11,4,0,49
2007,11,4,0,10
2007,11,4,0,15
2007,11,4,0,3
2007,11,4,1,40
2007,11,4,0,9
2007,11,4,0,19
2007,11,4,0,29
2007,11,4,1,107
2007,11,4,0,3
2007,11,4,0,3
2007,11,4,0,221
2007,11,4,1,16
2007,11,4,5,486
2007,11,4,0,1994
2007,11,4,0,24
2007,11,4,0,2593
2007,11,4,1,0
2007,11,4,0,2
2007,11,4,0,49
2007,11,4,0,545
2007,11,4,3,30
2007,11,4,11,877
2007,11,4,12,158
2007,11,4,138,1320
2007,12,4,10,33
2007,12,4,0,36
2007,12,4,0,14
2007,12,4,0,26
2007,12,4,34,379
2007,12,4,0,8
2007,12,4,0,20
2007,12,4,38,107
2007,12,4,0,7
2007,12,4,3,1137
2007,12,4,4,746
2007,12,4,0,191
2007,12,4,0,45
2007,12,4,1,46
2007,12,4,0,44
2007,12,4,28,67
2007,12,4,1,63
2007,12,4,6,529
2007,12,4,4,1150
2007,12,4,0,577
2007,12,4,10,863
2007,12,4,14,891
2007,12,4,3,324
2007,12,4,0,54
2007,12,4,4,429
2007,12,4,12,574
2007,12,4,4,161
2007,12,4,0,38
2007,12,4,4,1263
2007,12,4,3,657
2007,12,4,5,168
2007,12,4,1,84
2007,12,4,0,23
2007,12,4,5,365
2007,12,4,6,266
2007,12,4,0,20
2007,12,4,0,10
2007,12,4,0,22
2007,12,4,0,36
2007,12,4,1,46
2007,12,4,0,32
2007,12,4,0,13
2007,12,4,0,58
2007,12,4,0,13
2007,12,4,0,26
2007,12,4,1,12
2007,12,4,10,997
2007,12,4,0,248
2007,12,4,0,1537
2007,12,4,216,2790
2007,12,4,0,44
2007,12,4,15,138
2007,12,4,73,5859
2007,12,4,384,4956
2007,12,4,9,223
2007,12,4,36,349
2008,1,1,26,30
2008,1,1,0,1
2008,1,1,0,1
2008,1,1,0,42
2008,1,1,0,10
2008,1,1,0,63
2008,1,1,0,12
2008,1,1,0,12
2008,1,1,0,10
2008,1,1,0,3
2008,1,1,0,195
2008,1,1,0,13
2008,1,1,10,1372
2008,1,1,0,253
2008,1,1,4,21
2008,1,1,0,137
2008,1,1,8,319
2008,1,1,36,349
2008,1,1,0,10
2008,1,1,0,9
2008,1,1,20,736
2008,1,1,2,675
2008,1,1,8,934
2008,1,1,3,598
2008,1,1,3,202
2008,1,1,9,248
2008,1,1,3,217
2008,1,1,0,64
2008,1,1,29,218
2008,1,1,0,116
2008,1,1,2,7
2008,1,1,0,18
2008,1,1,1,216
2008,1,1,1,260
2008,1,1,1,73
2008,1,1,1,91
2008,1,1,1,7
2008,1,1,0,198
2008,1,1,1,66
2008,1,1,0,1
2008,1,1,0,80
2008,1,1,1,109
2008,1,1,3,510
2008,1,1,0,529
2008,1,1,1,3
2008,1,1,1,1
2008,1,1,1,14
2008,1,1,5,565
2008,1,1,0,156
2008,1,1,2,69
2008,1,1,1015,12687
2008,1,1,0,509
2008,1,1,28,10377
2008,1,1,213,5719
2008,1,1,0,14
2008,1,1,1,118
2008,1,1,1,353
2008,2,1,1,2
2008,2,1,1,9
2008,2,1,0,6
2008,2,1,0,184
2008,2,1,0,30
2008,2,1,0,5
2008,2,1,0,33
2008,2,1,0,12
2008,2,1,0,3
2008,2,1,1,20
2008,2,1,0,76
2008,2,1,2,269
2008,2,1,0,35
2008,2,1,0,11
2008,2,1,0,3
2008,2,1,3,183
2008,2,1,0,3
2008,2,1,1,217
2008,2,1,1,213
2008,2,1,1,86
2008,2,1,0,9
2008,2,1,3,33
2008,2,1,0,1
2008,2,1,0,24
2008,2,1,0,35
2008,2,1,2,365
2008,2,1,4,859
2008,2,1,0,78
2008,2,1,3,191
2008,2,1,0,1
2008,2,1,0,20
2008,2,1,0,3
2008,2,1,18,385
2008,2,1,10,1004
2008,2,1,0,116
2008,2,1,183,2286
2008,2,1,0,1249
2008,2,1,31,11619
2008,2,1,248,6673
2008,2,1,53,5708
2008,2,1,0,82
2008,2,1,1,333
2008,3,1,0,1
2008,3,1,0,12
2008,3,1,3,332
2008,3,1,2,313
2008,3,1,0,1
2008,3,1,0,13
2008,3,1,0,3
2008,3,1,0,495
2008,3,1,2,490
2008,3,1,1,184
2008,3,1,0,6
2008,3,1,0,7
2008,3,1,0,1
2008,3,1,0,1
2008,3,1,6,838
2008,3,1,4,642
2008,3,1,3,542
2008,3,1,2,292
2008,3,1,0,41
2008,3,1,4,272
2008,3,1,3,20
2008,3,1,5,9
2008,3,1,1,130
2008,3,1,0,84
2008,3,1,14,302
2008,3,1,4,446
2008,3,1,0,5
2008,3,1,0,251
2008,3,1,1,9
2008,3,1,0,16
2008,3,1,0,15
2008,3,1,15,186
2008,3,1,4,38
2008,3,1,6,54
2008,3,1,0,1337
2008,3,1,21,7739
2008,3,1,124,3326
2008,3,1,23,2432
2008,3,1,0,18
2008,3,1,0,26
2008,3,1,2,1425
2008,3,1,194,3969
2008,4,2,0,0
2008,4,2,1,2
2008,4,2,0,0
2008,4,2,0,17
2008,4,2,0,21
2008,4,2,0,1
2008,4,2,2,77
2008,4,2,1,315
2008,4,2,3,555
2008,4,2,5,457
2008,4,2,0,7
2008,4,2,0,6
2008,4,2,1,14
2008,4,2,7,533
2008,4,2,14,1782
2008,4,2,12,1163
2008,4,2,2,110
2008,4,2,0,80
2008,4,2,0,75
2008,4,2,0,4
2008,4,2,12,261
2008,4,2,3,168
2008,4,2,4,111
2008,4,2,0,20
2008,4,2,0,5
2008,4,2,3,21
2008,4,2,26,812
2008,4,2,4,278
2008,4,2,11,1527
2008,4,2,29,4246
2008,4,2,40,2549
2008,4,2,86,1188
2008,4,2,1,28
2008,4,2,2,92
2008,4,2,33,606
2008,4,2,12,400
2008,5,2,0,0
2008,5,2,0,0
2008,5,2,0,2
2008,5,2,0,0
2008,5,2,0,20
2008,5,2,0,23
2008,5,2,64,189
2008,5,2,70,46
2008,5,2,0,2
2008,5,2,23,1140
2008,5,2,0,10
2008,5,2,0,98
2008,5,2,0,7
2008,5,2,0,38
2008,5,2,0,17
2008,5,2,0,19
2008,5,2,0,110
2008,5,2,2,40
2008,5,2,3,218
2008,5,2,2,310
2008,5,2,4,344
2008,5,2,0,28
2008,5,2,1,92
2008,5,2,0,44
2008,5,2,0,2
2008,5,2,5,40
2008,5,2,31,669
2008,5,2,10,503
2008,5,2,4,116
2008,5,2,0,13
2008,5,2,0,1
2008,5,2,0,9
2008,5,2,0,42
2008,5,2,4,151
2008,5,2,29,233
2008,5,2,0,45
2008,5,2,18,1213
2008,5,2,0,26
2008,5,2,2,307
2008,5,2,4,615
2008,5,2,0,10
2008,5,2,3,103
2008,5,2,116,2128
2008,6,2,0,0
2008,6,2,0,0
2008,6,2,0,30
2008,6,2,0,33
2008,6,2,0,1
2008,6,2,105,310
2008,6,2,18,12
2008,6,2,3,32
2008,6,2,0,25
2008,6,2,0,7
2008,6,2,0,20
2008,6,2,0,22
2008,6,2,0,19
2008,6,2,0,6
2008,6,2,23,1152
2008,6,2,1,31
2008,6,2,0,25
2008,6,2,0,23
2008,6,2,2,143
2008,6,2,0,245
2008,6,2,0,6
2008,6,2,0,150
2008,6,2,3,78
2008,6,2,0,12
2008,6,2,0,10
2008,6,2,0,23
2008,6,2,1,99
2008,6,2,1,84
2008,6,2,2,161
2008,6,2,0,25
2008,6,2,0,72
2008,6,2,0,106
2008,6,2,0,5
2008,6,2,2,12
2008,6,2,1,32
2008,6,2,0,9
2008,6,2,2,53
2008,6,2,1,30
2008,6,2,12,23
2008,6,2,0,154
2008,6,2,0,1
2008,6,2,0,1
2008,6,2,9,566
2008,6,2,0,35
2008,6,2,1,110
2008,6,2,2,223
2008,6,2,1,56
2008,6,2,2,87
2008,6,2,6,108
2008,7,3,0,2
2008,7,3,0,9
2008,7,3,0,7
2008,7,3,102,256
2008,7,3,8,16
2008,7,3,0,36
2008,7,3,1,3
2008,7,3,4,6
2008,7,3,1,12
2008,7,3,0,9
2008,7,3,0,21
2008,7,3,1,149
2008,7,3,0,102
2008,7,3,0,35
2008,7,3,0,49
2008,7,3,0,118
2008,7,3,0,14
2008,7,3,7,100
2008,7,3,3,148
2008,7,3,1,47
2008,7,3,6,170
2008,7,3,0,14
2008,7,3,0,39
2008,7,3,1,196
2008,7,3,0,239
2008,7,3,1,159
2008,7,3,0,1
2008,7,3,17,10
2008,7,3,4,17
2008,7,3,0,23
2008,7,3,0,241
2008,7,3,0,173
2008,7,3,0,88
2008,7,3,5,18
2008,7,3,0,3
2008,7,3,0,3
2008,7,3,0,17
2008,7,3,0,20
2008,7,3,0,1
2008,7,3,0,5
2008,7,3,0,11
2008,8,3,0,1
2008,8,3,0,21
2008,8,3,0,43
2008,8,3,25,63
2008,8,3,0,1
2008,8,3,0,11
2008,8,3,0,0
2008,8,3,25,46
2008,8,3,51,90
2008,8,3,1,5
2008,8,3,0,13
2008,8,3,0,5
2008,8,3,0,16
2008,8,3,0,17
2008,8,3,0,19
2008,8,3,0,44
2008,8,3,0,38
2008,8,3,0,8
2008,8,3,0,21
2008,8,3,0,71
2008,8,3,11,165
2008,8,3,0,99
2008,8,3,0,109
2008,8,3,0,65
2008,8,3,0,36
2008,8,3,0,44
2008,8,3,0,32
2008,8,3,0,153
2008,8,3,0,99
2008,8,3,0,7
2008,8,3,1,63
2008,9,3,0,26
2008,9,3,0,12
2008,9,3,0,11
2008,9,3,0,128
2008,9,3,0,1
2008,9,3,0,56
2008,9,3,61,152
2008,9,3,0,18
2008,9,3,0,1
2008,9,3,0,1
2008,9,3,40,71
2008,9,3,0,1
2008,9,3,0,5
2008,9,3,0,580
2008,9,3,0,108
2008,9,3,0,183
2008,9,3,0,9
2008,9,3,0,1
2008,9,3,0,67
2008,9,3,0,57
2008,9,3,0,7
2008,9,3,0,49
2008,9,3,0,12
2008,9,3,0,6
2008,9,3,0,7
2008,9,3,0,2
2008,9,3,0,153
2008,9,3,1,7
2008,9,3,0,69
2008,9,3,0,341
2008,9,3,0,116
2008,9,3,0,38
2008,10,4,0,0
2008,10,4,0,4
2008,10,4,0,43
2008,10,4,0,576
2008,10,4,0,121
2008,10,4,0,103
2008,10,4,0,95
2008,10,4,0,36
2008,10,4,0,7
2008,10,4,0,36
2008,10,4,0,177
2008,10,4,0,47
2008,10,4,0,44
2008,10,4,1,43
2008,10,4,0,30
2008,10,4,0,4
2008,10,4,0,71
2008,10,4,0,120
2008,10,4,0,25
2008,10,4,0,120
2008,10,4,0,26
2008,10,4,0,17
2008,10,4,0,3
2008,10,4,1,160
2008,10,4,0,118
2008,10,4,1,129
2008,10,4,0,26
2008,10,4,0,38
2008,10,4,0,36
2008,10,4,0,29
2008,10,4,5,132
2008,10,4,27,1236
2008,10,4,0,12
2008,10,4,23,151
2008,10,4,0,133
2008,11,4,0,12
2008,11,4,0,0
2008,11,4,0,28
2008,11,4,0,24
2008,11,4,0,17
2008,11,4,56,9
2008,11,4,15,0
2008,11,4,0,8
2008,11,4,0,560
2008,11,4,0,234
2008,11,4,0,83
2008,11,4,0,5
2008,11,4,0,19
2008,11,4,0,10
2008,11,4,2,43
2008,11,4,0,45
2008,11,4,0,422
2008,11,4,1,104
2008,11,4,0,14
2008,11,4,0,626
2008,11,4,0,56
2008,11,4,0,7
2008,11,4,0,30
2008,11,4,2,114
2008,11,4,5,351
2008,11,4,14,336
2008,11,4,0,69
2008,11,4,0,39
2008,11,4,0,2
2008,11,4,0,79
2008,11,4,0,1
2008,11,4,2,66
2008,11,4,1,35
2008,11,4,0,3
2008,11,4,0,82
2008,11,4,0,60
2008,11,4,0,82
2008,11,4,1,143
2008,11,4,0,2
2008,11,4,0,20
2008,11,4,0,51
2008,11,4,0,14
2008,11,4,0,1
2008,11,4,2,66
2008,11,4,63,2984
2008,11,4,20,131
2008,11,4,77,3495
2008,11,4,8,578
2008,11,4,1,90
2008,11,4,234,1803
2008,11,4,11,71
2008,11,4,1,13
2008,12,4,0,66
2008,12,4,0,0
2008,12,4,0,87
2008,12,4,0,18
2008,12,4,0,3
2008,12,4,0,29
2008,12,4,0,917
2008,12,4,0,67
2008,12,4,0,13
2008,12,4,0,322
2008,12,4,0,20
2008,12,4,0,7
2008,12,4,0,101
2008,12,4,5,122
2008,12,4,0,2
2008,12,4,0,192
2008,12,4,18,1520
2008,12,4,0,389
2008,12,4,0,14
2008,12,4,0,41
2008,12,4,0,477
2008,12,4,0,34
2008,12,4,0,61
2008,12,4,4,187
2008,12,4,5,337
2008,12,4,5,107
2008,12,4,0,123
2008,12,4,0,46
2008,12,4,0,4
2008,12,4,0,97
2008,12,4,0,5
2008,12,4,0,34
2008,12,4,0,107
2008,12,4,4,131
2008,12,4,3,111
2008,12,4,0,8
2008,12,4,0,18
2008,12,4,1,171
2008,12,4,0,8
2008,12,4,0,39
2008,12,4,0,16
2008,12,4,1,78
2008,12,4,0,19
2008,12,4,0,348
2008,12,4,0,70
2008,12,4,21,579
2008,12,4,137,6484
2008,12,4,11,77
2008,12,4,61,2768
2008,12,4,38,2574
2008,12,4,727,5603
2008,12,4,48,310
2008,12,4,0,14
2009,1,1,1,0
2009,1,1,0,0
2009,1,1,0,3
2009,1,1,0,31
2009,1,1,0,0
2009,1,1,0,72
2009,1,1,0,1
2009,1,1,0,11
2009,1,1,2,1096
2009,1,1,0,132
2009,1,1,0,4
2009,1,1,3,80
2009,1,1,0,40
2009,1,1,0,20
2009,1,1,1,54
2009,1,1,0,63
2009,1,1,1,115
2009,1,1,33,539
2009,1,1,0,363
2009,1,1,0,15
2009,1,1,0,13
2009,1,1,2,36
2009,1,1,0,30
2009,1,1,2,162
2009,1,1,5,42
2009,1,1,22,99
2009,1,1,1,7
2009,1,1,0,23
2009,1,1,10,39
2009,1,1,0,1
2009,1,1,2,79
2009,1,1,1,36
2009,1,1,1,76
2009,1,1,3,155
2009,1,1,37,456
2009,1,1,23,245
2009,1,1,0,1
2009,1,1,0,13
2009,1,1,0,44
2009,1,1,0,5
2009,1,1,0,217
2009,1,1,6,110
2009,1,1,23,325
2009,1,1,1,34
2009,1,1,4,301
2009,1,1,14,151
2009,1,1,25,1605
2009,1,1,0,1
2009,1,1,39,656
2009,1,1,27,1897
2009,1,1,2,1392
2009,1,1,0,80
2009,1,1,6,67
2009,1,1,272,3305
2009,1,1,71,527
2009,2,1,0,0
2009,2,1,0,6
2009,2,1,0,62
2009,2,1,0,4
2009,2,1,1,16
2009,2,1,1,22
2009,2,1,0,34
2009,2,1,0,53
2009,2,1,3,125
2009,2,1,0,36
2009,2,1,0,37
2009,2,1,6,104
2009,2,1,0,8
2009,2,1,0,2
2009,2,1,0,8
2009,2,1,0,8
2009,2,1,0,1
2009,2,1,0,18
2009,2,1,1,55
2009,2,1,1,7
2009,2,1,0,8
2009,2,1,15,58
2009,2,1,5,79
2009,2,1,3,145
2009,2,1,10,337
2009,2,1,1,46
2009,2,1,9,467
2009,2,1,39,479
2009,2,1,1,8
2009,2,1,3,135
2009,2,1,0,103
2009,2,1,0,13
2009,2,1,1,624
2009,2,1,6,115
2009,2,1,1,22
2009,2,1,4,98
2009,2,1,1,90
2009,2,1,0,1
2009,2,1,0,1
2009,2,1,0,10
2009,2,1,9,150
2009,2,1,0,12
2009,2,1,0,14
2009,2,1,17,211
2009,2,1,156,1899
2009,2,1,562,4151
2009,2,1,6,3
2009,3,1,0,3
2009,3,1,20,226
2009,3,1,6,175
2009,3,1,1,59
2009,3,1,0,9
2009,3,1,0,15
2009,3,1,0,7
2009,3,1,2,31
2009,3,1,0,21
2009,3,1,9,294
2009,3,1,13,254
2009,3,1,0,19
2009,3,1,0,8
2009,3,1,0,5
2009,3,1,0,1
2009,3,1,0,2
2009,3,1,2,9
2009,3,1,24,399
2009,3,1,6,275
2009,3,1,8,261
2009,3,1,1,82
2009,3,1,5,239
2009,3,1,15,190
2009,3,1,1,8
2009,3,1,1,5
2009,3,1,0,124
2009,3,1,7,402
2009,3,1,1,249
2009,3,1,0,62
2009,3,1,1,304
2009,3,1,8,160
2009,3,1,5,75
2009,3,1,0,7
2009,3,1,4,120
2009,3,1,1,98
2009,3,1,0,9
2009,3,1,0,3
2009,3,1,2,27
2009,3,1,0,2
2009,3,1,0,64
2009,3,1,7,122
2009,3,1,1,53
2009,3,1,4,54
2009,3,1,98,1192
2009,3,1,409,3017
2009,3,1,60,34
2009,4,2,0,0
2009,4,2,0,10
2009,4,2,0,17
2009,4,2,4,120
2009,4,2,30,800
2009,4,2,2,56
2009,4,2,0,24
2009,4,2,0,1
2009,4,2,0,22
2009,4,2,0,8
2009,4,2,0,9
2009,4,2,1,330
2009,4,2,27,1385
2009,4,2,3,147
2009,4,2,9,202
2009,4,2,1,68
2009,4,2,2,37
2009,4,2,2,26
2009,4,2,1,68
2009,4,2,4,70
2009,4,2,10,940
2009,4,2,7,377
2009,4,2,0,29
2009,4,2,0,22
2009,4,2,7,165
2009,4,2,49,395
2009,4,2,13,72
2009,4,2,1,48
2009,4,2,1,197
2009,4,2,0,15
2009,4,2,0,16
2009,4,2,0,9
2009,4,2,0,0
2009,4,2,0,1
2009,4,2,1,71
2009,4,2,0,114
2009,4,2,0,56
2009,4,2,14,160
2009,4,2,32,953
2009,4,2,0,332
2009,4,2,7,7
2009,4,2,7,368
2009,4,2,4,3
2009,5,2,0,1
2009,5,2,0,0
2009,5,2,0,11
2009,5,2,0,4
2009,5,2,0,3
2009,5,2,0,14
2009,5,2,0,0
2009,5,2,0,2
2009,5,2,0,39
2009,5,2,0,15
2009,5,2,0,10
2009,5,2,0,1
2009,5,2,0,4
2009,5,2,0,3
2009,5,2,0,9
2009,5,2,6,188
2009,5,2,0,5
2009,5,2,6,287
2009,5,2,10,456
2009,5,2,2,34
2009,5,2,1,64
2009,5,2,2,30
2009,5,2,1,24
2009,5,2,1,73
2009,5,2,0,11
2009,5,2,12,197
2009,5,2,15,1449
2009,5,2,21,1076
2009,5,2,0,79
2009,5,2,0,62
2009,5,2,0,9
2009,5,2,4,31
2009,5,2,3,14
2009,5,2,6,42
2009,5,2,4,204
2009,5,2,1,261
2009,5,2,0,10
2009,5,2,0,11
2009,5,2,0,9
2009,5,2,4,248
2009,5,2,0,55
2009,5,2,32,1602
2009,5,2,113,1856
2009,6,2,0,14
2009,6,2,0,1
2009,6,2,0,12
2009,6,2,0,3
2009,6,2,0,35
2009,6,2,0,0
2009,6,2,0,25
2009,6,2,0,11
2009,6,2,0,3
2009,6,2,0,8
2009,6,2,0,10
2009,6,2,0,11
2009,6,2,0,1
2009,6,2,0,58
2009,6,2,18,578
2009,6,2,0,21
2009,6,2,3,159
2009,6,2,4,83
2009,6,2,3,178
2009,6,2,10,177
2009,6,2,11,187
2009,6,2,2,123
2009,6,2,2,27
2009,6,2,0,48
2009,6,2,2,120
2009,6,2,0,14
2009,6,2,0,4
2009,6,2,3,62
2009,6,2,19,151
2009,6,2,2,12
2009,6,2,31,231
2009,6,2,6,265
2009,6,2,0,59
2009,6,2,0,1
2009,6,2,0,1
2009,6,2,0,23
2009,6,2,0,88
2009,6,2,0,22
2009,6,2,0,47
2009,6,2,1,74
2009,6,2,98,1613
2009,7,3,4,147
2009,7,3,0,8
2009,7,3,0,12
2009,7,3,0,5
2009,7,3,0,28
2009,7,3,0,2
2009,7,3,0,2
2009,7,3,9,423
2009,7,3,0,57
2009,7,3,0,7
2009,7,3,0,9
2009,7,3,0,5
2009,7,3,0,13
2009,7,3,0,2
2009,7,3,1,78
2009,7,3,0,28
2009,7,3,6,300
2009,7,3,0,63
2009,7,3,1,66
2009,7,3,4,325
2009,7,3,3,111
2009,7,3,4,8
2009,7,3,0,10
2009,7,3,3,491
2009,7,3,23,894
2009,7,3,13,834
2009,7,3,15,650
2009,7,3,3,442
2009,7,3,0,32
2009,7,3,0,37
2009,7,3,0,8
2009,7,3,1,177
2009,7,3,2,206
2009,7,3,0,32
2009,7,3,0,6
2009,7,3,0,2
2009,7,3,0,8
2009,7,3,0,2
2009,7,3,0,7
2009,7,3,0,4
2009,7,3,3,167
2009,8,3,0,19
2009,8,3,0,16
2009,8,3,4,136
2009,8,3,0,402
2009,8,3,0,5
2009,8,3,3,133
2009,8,3,0,103
2009,8,3,0,6
2009,8,3,0,4
2009,8,3,0,1
2009,8,3,21,15
2009,8,3,0,9
2009,8,3,0,4
2009,8,3,0,12
2009,8,3,2,76
2009,8,3,0,10
2009,8,3,0,21
2009,8,3,30,24
2009,8,3,18,87
2009,8,3,0,11
2009,8,3,0,153
2009,8,3,2,96
2009,8,3,1,144
2009,8,3,7,345
2009,8,3,2,138
2009,8,3,1,43
2009,8,3,0,6
2009,8,3,2,308
2009,8,3,16,622
2009,8,3,12,769
2009,8,3,6,249
2009,8,3,1,122
2009,8,3,0,17
2009,8,3,0,13
2009,8,3,0,23
2009,8,3,0,103
2009,8,3,1,62
2009,8,3,0,6
2009,9,3,0,10
2009,9,3,0,43
2009,9,3,0,23
2009,9,3,6,211
2009,9,3,0,32
2009,9,3,0,27
2009,9,3,0,2
2009,9,3,0,11
2009,9,3,0,40
2009,9,3,0,1
2009,9,3,0,4
2009,9,3,0,2
2009,9,3,0,2
2009,9,3,0,8
2009,9,3,0,25
2009,9,3,3,104
2009,9,3,1,317
2009,9,3,0,63
2009,9,3,1,153
2009,9,3,8,269
2009,9,3,0,338
2009,9,3,0,62
2009,9,3,19,93
2009,9,3,0,54
2009,9,3,2,180
2009,9,3,1,449
2009,9,3,1,55
2009,9,3,0,61
2009,9,3,4,192
2009,9,3,2,197
2009,9,3,4,129
2009,9,3,3,454
2009,9,3,4,165
2009,9,3,1,93
2009,9,3,0,8
2009,9,3,0,2
2009,9,3,0,3
2009,9,3,0,180
2009,9,3,1,215
2009,9,3,0,38
2009,9,3,0,2
2009,9,3,0,6
2009,9,3,0,77
2009,9,3,0,24
2009,10,4,0,94
2009,10,4,0,29
2009,10,4,0,14
2009,10,4,0,2
2009,10,4,0,21
2009,10,4,0,4
2009,10,4,0,5
2009,10,4,5,523
2009,10,4,0,255
2009,10,4,1,562
2009,10,4,1,69
2009,10,4,0,73
2009,10,4,2,151
2009,10,4,3,78
2009,10,4,2,55
2009,10,4,0,19
2009,10,4,0,284
2009,10,4,2,795
2009,10,4,0,752
2009,10,4,1,95
2009,10,4,2,180
2009,10,4,19,311
2009,10,4,174,761
2009,10,4,24,232
2009,10,4,0,73
2009,10,4,2,722
2009,10,4,0,582
2009,10,4,0,169
2009,10,4,2,103
2009,10,4,0,21
2009,10,4,0,12
2009,10,4,0,1
2009,10,4,0,245
2009,10,4,0,6
2009,10,4,1,178
2009,10,4,0,10
2009,11,4,27,29
2009,11,4,0,33
2009,11,4,0,38
2009,11,4,0,40
2009,11,4,0,30
2009,11,4,3,207
2009,11,4,9,937
2009,11,4,0,113
2009,11,4,0,84
2009,11,4,1,70
2009,11,4,1,199
2009,11,4,1,82
2009,11,4,6,167
2009,11,4,12,276
2009,11,4,0,1
2009,11,4,0,48
2009,11,4,0,1159
2009,11,4,1,622
2009,11,4,0,87
2009,11,4,2,137
2009,11,4,2,176
2009,11,4,21,350
2009,11,4,150,657
2009,11,4,15,141
2009,11,4,0,13
2009,11,4,0,112
2009,11,4,0,75
2009,11,4,0,89
2009,11,4,1,72
2009,11,4,1,42
2009,11,4,3,146
2009,11,4,0,33
2009,11,4,0,1
2009,11,4,0,16
2009,11,4,1,67
2009,11,4,100,2759
2009,11,4,5,178
2009,11,4,1,43
2009,11,4,0,36
2009,11,4,7,522
2009,12,4,26,28
2009,12,4,0,35
2009,12,4,0,341
2009,12,4,0,0
2009,12,4,0,1
2009,12,4,0,0
2009,12,4,0,101
2009,12,4,0,25
2009,12,4,0,2
2009,12,4,8,542
2009,12,4,4,389
2009,12,4,0,73
2009,12,4,0,25
2009,12,4,0,15
2009,12,4,0,39
2009,12,4,1,75
2009,12,4,1,40
2009,12,4,3,62
2009,12,4,0,15
2009,12,4,0,340
2009,12,4,1,237
2009,12,4,0,36
2009,12,4,0,1
2009,12,4,1,131
2009,12,4,9,146
2009,12,4,36,155
2009,12,4,27,259
2009,12,4,0,19
2009,12,4,0,135
2009,12,4,8,398
2009,12,4,23,1020
2009,12,4,8,399
2009,12,4,0,1
2009,12,4,60,1947
2009,12,4,8,1397
2009,12,4,131,9820
2010,1,1,0,6
2010,1,1,3,30
2010,1,1,8,26
2010,1,1,0,0
2010,1,1,0,0
2010,1,1,4,34
2010,1,1,21,28
2010,1,1,0,41
2010,1,1,0,0
2010,1,1,29,526
2010,1,1,29,175
2010,1,1,1,6
2010,1,1,0,2
2010,1,1,10,63
2010,1,1,26,170
2010,1,1,19,93
2010,1,1,3,18
2010,1,1,36,45
2010,1,1,8,375
2010,1,1,1,66
2010,1,1,1,11
2010,1,1,13,204
2010,1,1,10,74
2010,1,1,9,71
2010,1,1,26,99
2010,1,1,0,2
2010,1,1,8,162
2010,1,1,40,400
2010,1,1,50,620
2010,1,1,2,85
2010,1,1,1,46
2010,1,1,5,94
2010,1,1,3,186
2010,1,1,6,3364
2010,1,1,6,1041
2010,1,1,107,14291
2010,1,1,1,202
2010,2,1,32,14
2010,2,1,3,9
2010,2,1,4,0
2010,2,1,2,5
2010,2,1,0,1
2010,2,1,6,47
2010,2,1,7,9
2010,2,1,0,9
2010,2,1,0,0
2010,2,1,0,3
2010,2,1,0,41
2010,2,1,12,222
2010,2,1,19,114
2010,2,1,3,19
2010,2,1,11,94
2010,2,1,25,170
2010,2,1,18,113
2010,2,1,13,62
2010,2,1,3,18
2010,2,1,54,66
2010,2,1,0,7
2010,2,1,3,180
2010,2,1,1,45
2010,2,1,5,103
2010,2,1,18,175
2010,2,1,37,602
2010,2,1,17,119
2010,2,1,3,21
2010,2,1,5,18
2010,2,1,7,298
2010,2,1,42,308
2010,2,1,6,135
2010,2,1,23,225
2010,2,1,1,10
2010,2,1,0,11
2010,2,1,0,4
2010,2,1,0,22
2010,2,1,4,73
2010,2,1,0,4
2010,2,1,4,2345
2010,2,1,0,112
2010,2,1,51,6744
2010,2,1,12,2154
2010,3,1,7,25
2010,3,1,10,34
2010,3,1,0,49
2010,3,1,0,2
2010,3,1,0,0
2010,3,1,0,8
2010,3,1,16,135
2010,3,1,0,1
2010,3,1,0,0
2010,3,1,2,45
2010,3,1,2,9
2010,3,1,0,3
2010,3,1,26,234
2010,3,1,24,162
2010,3,1,37,241
2010,3,1,7,33
2010,3,1,7,51
2010,3,1,115,142
2010,3,1,0,3
2010,3,1,0,22
2010,3,1,2,69
2010,3,1,21,443
2010,3,1,35,334
2010,3,1,26,426
2010,3,1,12,88
2010,3,1,2,13
2010,3,1,9,32
2010,3,1,14,652
2010,3,1,72,528
2010,3,1,6,132
2010,3,1,8,84
2010,3,1,3,34
2010,3,1,0,15
2010,3,1,11,204
2010,3,1,3,56
2010,3,1,1,36
2010,3,1,0,13
2010,3,1,0,0
2010,3,1,0,13
2010,3,1,0,98
2010,3,1,0,13
2010,3,1,0,27
2010,3,1,34,268
2010,3,1,9,1163
2010,3,1,18,3201
2010,3,1,86,188
2010,3,1,0,5
2010,4,2,0,2
2010,4,2,0,10
2010,4,2,0,19
2010,4,2,0,2
2010,4,2,0,2
2010,4,2,0,21
2010,4,2,0,22
2010,4,2,2,91
2010,4,2,3,51
2010,4,2,15,142
2010,4,2,12,88
2010,4,2,1,20
2010,4,2,7,43
2010,4,2,8,41
2010,4,2,5,240
2010,4,2,0,37
2010,4,2,1,155
2010,4,2,5,120
2010,4,2,0,22
2010,4,2,4,29
2010,4,2,0,18
2010,4,2,27,1794
2010,4,2,0,151
2010,4,2,1,169
2010,4,2,2,71
2010,4,2,0,1
2010,4,2,74,998
2010,4,2,0,82
2010,4,2,0,37
2010,4,2,0,18
2010,4,2,0,8
2010,4,2,12,36
2010,4,2,0,6
2010,4,2,26,119
2010,4,2,231,907
2010,4,2,0,141
2010,4,2,1,165
2010,4,2,8,320
2010,5,2,0,2
2010,5,2,0,77
2010,5,2,0,30
2010,5,2,0,6
2010,5,2,0,23
2010,5,2,0,4
2010,5,2,0,10
2010,5,2,0,46
2010,5,2,1,15
2010,5,2,3,146
2010,5,2,8,139
2010,5,2,7,71
2010,5,2,2,12
2010,5,2,2,9
2010,5,2,4,178
2010,5,2,2,233
2010,5,2,2,50
2010,5,2,2,144
2010,5,2,10,66
2010,5,2,0,1
2010,5,2,0,53
2010,5,2,10,668
2010,5,2,0,25
2010,5,2,1,58
2010,5,2,12,388
2010,5,2,2,100
2010,5,2,0,9
2010,5,2,17,236
2010,5,2,0,33
2010,5,2,1,236
2010,5,2,3,99
2010,5,2,0,1
2010,5,2,1,2
2010,5,2,15,59
2010,6,2,0,11
2010,6,2,9,228
2010,6,2,3,517
2010,6,2,0,71
2010,6,2,1,22
2010,6,2,3,54
2010,6,2,3,32
2010,6,2,0,3
2010,6,2,0,7
2010,6,2,0,118
2010,6,2,0,3
2010,6,2,0,11
2010,6,2,1,90
2010,6,2,1,7
2010,6,2,0,37
2010,6,2,6,186
2010,6,2,6,268
2010,6,2,0,74
2010,6,2,0,4
2010,6,2,0,188
2010,6,2,9,371
2010,6,2,7,23
2010,7,3,0,34
2010,7,3,0,7
2010,7,3,0,10
2010,7,3,0,104
2010,7,3,0,321
2010,7,3,12,14
2010,7,3,0,3
2010,7,3,1,3
2010,7,3,0,28
2010,7,3,0,5
2010,7,3,1,25
2010,7,3,4,272
2010,7,3,0,1
2010,7,3,1,307
2010,7,3,1,26
2010,7,3,2,9
2010,7,3,2,161
2010,7,3,2,134
2010,7,3,0,19
2010,7,3,0,1
2010,7,3,0,205
2010,7,3,0,72
2010,7,3,5,19
2010,8,3,2,17
2010,8,3,0,160
2010,8,3,0,32
2010,8,3,0,688
2010,8,3,964,1185
2010,8,3,0,1
2010,8,3,0,1
2010,8,3,0,1
2010,8,3,10,9
2010,8,3,0,21
2010,8,3,220,0
2010,8,3,0,1
2010,8,3,0,79
2010,8,3,0,585
2010,8,3,0,2
2010,8,3,0,3
2010,8,3,0,8
2010,8,3,24,623
2010,8,3,2,138
2010,8,3,1,63
2010,8,3,0,5
2010,8,3,0,16
2010,8,3,0,115
2010,8,3,0,92
2010,8,3,0,3
2010,8,3,1,315
2010,8,3,0,5
2010,8,3,1,104
2010,8,3,1,187
2010,8,3,0,6
2010,8,3,0,52
2010,8,3,1,2
2010,8,3,2,18
2010,8,3,0,26
2010,8,3,1,56
2010,8,3,0,2
2010,8,3,1,3
2010,9,3,5,36
2010,9,3,0,13
2010,9,3,26,31
2010,9,3,12,40
2010,9,3,0,5
2010,9,3,0,14
2010,9,3,0,4
2010,9,3,11,10
2010,9,3,0,16
2010,9,3,22,111
2010,9,3,33,869
2010,9,3,2,151
2010,9,3,9,470
2010,9,3,0,88
2010,9,3,6,220
2010,9,3,0,19
2010,9,3,0,296
2010,9,3,1,60
2010,9,3,0,56
2010,9,3,0,6
2010,9,3,5,404
2010,9,3,39,3370
2010,9,3,2,773
2010,9,3,2,75
2010,9,3,0,67
2010,9,3,10,39
2010,9,3,9,110
2010,9,3,1,50
2010,10,4,0,9
2010,10,4,0,3
2010,10,4,0,10
2010,10,4,2,45
2010,10,4,1,22
2010,10,4,0,42
2010,10,4,0,10
2010,10,4,0,9
2010,10,4,0,7
2010,10,4,23,687
2010,10,4,69,2312
2010,10,4,15,236
2010,10,4,29,564
2010,10,4,6,198
2010,10,4,6,341
2010,10,4,0,23
2010,10,4,1,22
2010,10,4,4,36
2010,10,4,10,190
2010,10,4,33,1539
2010,10,4,29,1168
2010,10,4,19,850
2010,10,4,0,65
2010,10,4,1,24
2010,10,4,26,161
2010,10,4,29,166
2010,10,4,1,5
2010,10,4,5,53
2010,10,4,7,58
2010,10,4,0,1
2010,10,4,0,21
2010,11,4,1,8
2010,11,4,2,37
2010,11,4,0,40
2010,11,4,0,1
2010,11,4,8,175
2010,11,4,0,9
2010,11,4,0,2
2010,11,4,72,2142
2010,11,4,61,2036
2010,11,4,1,18
2010,11,4,12,233
2010,11,4,19,633
2010,11,4,5,289
2010,11,4,1,78
2010,11,4,1,26
2010,11,4,2,16
2010,11,4,63,1195
2010,11,4,38,1773
2010,11,4,7,270
2010,11,4,6,259
2010,11,4,0,8
2010,11,4,1,80
2010,11,4,1,30
2010,11,4,3,19
2010,11,4,6,32
2010,11,4,0,8
2010,11,4,49,172
2010,11,4,23,235
2010,11,4,0,2
2010,11,4,0,1
2010,11,4,1,0
2010,11,4,0,1
2010,11,4,0,24
2010,11,4,1262,2535
2010,11,4,0,21
2010,11,4,0,14
2010,11,4,1946,4145
2010,11,4,0,28
2010,12,4,0,5
2010,12,4,1,20
2010,12,4,0,171
2010,12,4,0,1
2010,12,4,0,4
2010,12,4,0,1
2010,12,4,4,88
2010,12,4,12,10
2010,12,4,0,2
2010,12,4,3,23
2010,12,4,0,4
2010,12,4,57,1681
2010,12,4,14,464
2010,12,4,24,367
2010,12,4,26,501
2010,12,4,3,95
2010,12,4,2,151
2010,12,4,1,46
2010,12,4,0,11
2010,12,4,2,16
2010,12,4,49,921
2010,12,4,37,1726
2010,12,4,11,439
2010,12,4,4,159
2010,12,4,0,70
2010,12,4,2,48
2010,12,4,14,91
2010,12,4,4,22
2010,12,4,0,9
2010,12,4,34,640
2010,12,4,157,543
2010,12,4,27,274
2010,12,4,0,3
2010,12,4,2,1
2010,12,4,0,102
2010,12,4,0,71
2010,12,4,0,272
2010,12,4,1764,3544
2010,12,4,0,7
2010,12,4,0,17
2010,12,4,3179,6768
2010,12,4,0,2
2011,1,1,0,0
2011,1,1,1,21
2011,1,1,6,6
2011,1,1,3,5
2011,1,1,2,186
2011,1,1,0,1
2011,1,1,0,20
2011,1,1,1,15
2011,1,1,0,16
2011,1,1,3,6
2011,1,1,2,27
2011,1,1,0,0
2011,1,1,9,46
2011,1,1,5,19
2011,1,1,9,234
2011,1,1,34,361
2011,1,1,11,143
2011,1,1,4,59
2011,1,1,5,16
2011,1,1,0,1
2011,1,1,2,44
2011,1,1,0,9
2011,1,1,5,81
2011,1,1,0,5
2011,1,1,7,40
2011,1,1,79,24
2011,1,1,1,31
2011,1,1,15,94
2011,1,1,15,243
2011,1,1,120,737
2011,1,1,562,615
2011,1,1,0,1
2011,1,1,2,42
2011,1,1,25,551
2011,1,1,4,45
2011,1,1,5,82
2011,1,1,3389,17963
2011,1,1,74,550
2011,2,1,0,12
2011,2,1,1,102
2011,2,1,0,5
2011,2,1,3,27
2011,2,1,0,4
2011,2,1,2,9
2011,2,1,4,100
2011,2,1,5,50
2011,2,1,1,13
2011,2,1,19,69
2011,2,1,1,13
2011,2,1,0,4
2011,2,1,1,5
2011,2,1,0,5
2011,2,1,0,0
2011,2,1,22,131
2011,2,1,47,744
2011,2,1,39,241
2011,2,1,11,13
2011,2,1,20,300
2011,2,1,29,505
2011,2,1,26,575
2011,2,1,4,47
2011,2,1,10,33
2011,2,1,5,73
2011,2,1,199,1057
2011,2,1,935,6925
2011,3,1,0,1
2011,3,1,0,0
2011,3,1,0,0
2011,3,1,1,3
2011,3,1,3,10
2011,3,1,5,123
2011,3,1,1,16
2011,3,1,0,5
2011,3,1,4,56
2011,3,1,19,69
2011,3,1,2,32
2011,3,1,1,28
2011,3,1,3,13
2011,3,1,0,1
2011,3,1,67,406
2011,3,1,33,522
2011,3,1,63,389
2011,3,1,16,17
2011,3,1,18,267
2011,3,1,19,327
2011,3,1,16,347
2011,3,1,4,48
2011,3,1,4,59
2011,3,1,7,470
2011,3,1,154,818
2011,3,1,706,5231
2011,4,2,0,0
2011,4,2,0,1
2011,4,2,0,0
2011,4,2,0,0
2011,4,2,0,11
2011,4,2,0,0
2011,4,2,0,1
2011,4,2,0,17
2011,4,2,0,42
2011,4,2,5,27
2011,4,2,2,178
2011,4,2,1,291
2011,4,2,8,816
2011,4,2,51,904
2011,4,2,14,132
2011,4,2,3,129
2011,4,2,12,243
2011,4,2,11,230
2011,4,2,0,3
2011,4,2,0,59
2011,4,2,0,6
2011,4,2,0,0
2011,5,2,0,0
2011,5,2,0,24
2011,5,2,0,5
2011,5,2,0,22
2011,5,2,0,0
2011,5,2,0,8
2011,5,2,0,10
2011,5,2,0,44
2011,5,2,18,96
2011,5,2,6,610
2011,5,2,1,257
2011,5,2,5,491
2011,5,2,6,109
2011,5,2,1,8
2011,5,2,2,83
2011,5,2,4,83
2011,5,2,5,112
2011,6,2,0,0
2011,6,2,4,9
2011,6,2,0,4
2011,6,2,0,7
2011,6,2,0,0
2011,6,2,3,107
2011,6,2,0,0
2011,6,2,7,319
2011,6,2,0,20
2011,6,2,0,18
2011,6,2,1,166
2011,6,2,18,100
2011,6,2,1,45
2011,6,2,0,30
2011,6,2,7,755
2011,6,2,1,153
2011,6,2,4,421
2011,6,2,15,262
2011,6,2,3,34
2011,6,2,0,30
2011,6,2,1,29
2011,6,2,1,18
2011,6,2,11,229
2011,6,2,0,40
2011,7,3,0,5
2011,7,3,0,8
2011,7,3,0,47
2011,7,3,2,111
2011,7,3,0,327
2011,7,3,56,1066
2011,7,3,33,1746
2011,7,3,2,94
2011,7,3,9,97
2011,7,3,2,52
2011,7,3,15,55
2011,7,3,24,574
2011,7,3,64,1379
2011,7,3,12,466
2011,7,3,1,442
2011,7,3,0,106
2011,7,3,0,26
2011,7,3,0,3
2011,7,3,0,16
2011,7,3,0,16
2011,8,3,0,160
2011,8,3,0,12
2011,8,3,0,1
2011,8,3,0,7
2011,8,3,14,241
2011,8,3,0,1
2011,8,3,0,14
2011,8,3,0,8
2011,8,3,0,33
2011,8,3,2,44
2011,8,3,0,1
2011,8,3,0,20
2011,8,3,62,1181
2011,8,3,14,763
2011,8,3,1,71
2011,8,3,4,38
2011,8,3,3,64
2011,8,3,29,706
2011,8,3,222,4802
2011,8,3,4,160
2011,8,3,0,16
2011,8,3,0,22
2011,8,3,0,8
2011,8,3,0,18
2011,9,3,0,24
2011,9,3,0,86
2011,9,3,0,14
2011,9,3,21,366
2011,9,3,24,1338
2011,9,3,5,441
2011,9,3,3,90
2011,9,3,21,803
2011,9,3,0,193
2011,9,3,7,140
2011,9,3,0,23
2011,9,3,46,972
2011,9,3,177,3387
2011,9,3,31,1625
2011,9,3,3,191
2011,9,3,1,14
2011,9,3,2,38
2011,9,3,11,42
2011,9,3,17,195
2011,9,3,27,642
2011,9,3,63,1359
2011,9,3,2,59
2011,9,3,0,32
2011,9,3,0,10
2011,9,3,0,4
2011,10,4,1,82
2011,10,4,0,30
2011,10,4,1,39
2011,10,4,0,0
2011,10,4,1,352
2011,10,4,46,767
2011,10,4,75,1061
2011,10,4,90,2686
2011,10,4,93,799
2011,10,4,47,1411
2011,10,4,32,425
2011,10,4,4,67
2011,10,4,4,6
2011,10,4,113,3454
2011,10,4,181,4989
2011,10,4,91,788
2011,10,4,51,683
2011,10,4,1,6
2011,10,4,25,645
2011,10,4,47,256
2011,10,4,8,177
2011,10,4,2,261
2011,10,4,295,1023
2011,10,4,1,17
2011,10,4,0,15
2011,10,4,3,51
2011,10,4,34,95
2011,10,4,0,1
2011,10,4,0,2
2011,11,4,1,77
2011,11,4,0,104
2011,11,4,1,90
2011,11,4,3,19
2011,11,4,0,84
2011,11,4,59,983
2011,11,4,48,685
2011,11,4,44,1311
2011,11,4,53,453
2011,11,4,12,374
2011,11,4,17,218
2011,11,4,5,80
2011,11,4,24,42
2011,11,4,10,321
2011,11,4,136,3757
2011,11,4,95,824
2011,11,4,188,2503
2011,11,4,21,521
2011,11,4,159,873
2011,11,4,24,505
2011,11,4,2,54
2011,11,4,0,9
2011,11,4,8,82
2011,11,4,172,597
2011,11,4,1,19
2011,11,4,1,11
2011,11,4,2,5
2011,11,4,2,4
2011,12,4,2,95
2011,12,4,0,17
2011,12,4,1,16
2011,12,4,2,110
2011,12,4,0,23
2011,12,4,2,694
2011,12,4,38,637
2011,12,4,21,296
2011,12,4,20,606
2011,12,4,51,436
2011,12,4,10,317
2011,12,4,9,124
2011,12,4,4,68
2011,12,4,3,6
2011,12,4,0,4
2011,12,4,19,578
2011,12,4,41,1118
2011,12,4,154,1334
2011,12,4,135,1793
2011,12,4,7,183
2011,12,4,68,375
2011,12,4,11,239
2011,12,4,2,50
2011,12,4,1,92
2011,12,4,78,746
2011,12,4,1310,4544
2011,12,4,5,142
2011,12,4,2,107
2011,12,4,9,151
2011,12,4,19,54
2011,12,4,0,43
2011,12,4,0,10
2012,1,1,0,3
2012,1,1,0,42
2012,1,1,0,0
2012,1,1,17,321
2012,1,1,0,54
2012,1,1,0,0
2012,1,1,0,579
2012,1,1,76,685
2012,1,1,14,196
2012,1,1,27,751
2012,1,1,24,217
2012,1,1,42,874
2012,1,1,312,121
2012,1,1,0,0
2012,1,1,0,62
2012,1,1,16,316
2012,1,1,4,734
2012,1,1,45,1281
2012,1,1,13,385
2012,1,1,42,563
2012,1,1,32,29
2012,1,1,0,9
2012,1,1,3,104
2012,1,1,135,1394
2012,1,1,20,381
2012,1,1,3,154
2012,1,1,201,145
2012,1,1,3,43
2012,1,1,5,756
2012,1,1,25,781
2012,1,1,3,166
2012,1,1,0,29
2012,1,1,12,220
2012,1,1,3,16
2012,1,1,5,158
2012,1,1,0,4
2012,1,1,1,206
2012,2,1,0,15
2012,2,1,0,2
2012,2,1,6,122
2012,2,1,0,22
2012,2,1,0,0
2012,2,1,0,9
2012,2,1,0,3
2012,2,1,0,209
2012,2,1,18,167
2012,2,1,27,381
2012,2,1,22,608
2012,2,1,6,56
2012,2,1,1,22
2012,2,1,2,30
2012,2,1,1,203
2012,2,1,18,517
2012,2,1,2,60
2012,2,1,3,48
2012,2,1,2,74
2012,2,1,122,1262
2012,2,1,23,429
2012,2,1,2,112
2012,2,1,1,1
2012,2,1,4,689
2012,2,1,27,868
2012,2,1,3,197
2012,2,1,1,252
2012,2,1,7,138
2012,2,1,36,173
2012,2,1,8,257
2012,2,1,0,0
2012,2,1,0,0
2012,2,1,4,1581
2012,2,1,0,31
2012,3,1,0,15
2012,3,1,0,54
2012,3,1,41,371
2012,3,1,6,91
2012,3,1,0,56
2012,3,1,9,248
2012,3,1,0,20
2012,3,1,1,19
2012,3,1,3,92
2012,3,1,18,185
2012,3,1,0,9
2012,3,1,0,23
2012,3,1,0,0
2012,3,1,15,3212
2012,3,1,210,3635
2012,3,1,8,1312
2012,3,1,11,359
2012,3,1,1,35
2012,3,1,0,70
2012,3,1,7,132
2012,3,1,3,23
2012,3,1,0,266
2012,3,1,52,1392
2012,3,1,54,259
2012,3,1,4,132
2012,4,2,0,157
2012,4,2,2,394
2012,4,2,0,21
2012,4,2,7,498
2012,4,2,24,1620
2012,4,2,3,1418
2012,4,2,2,375
2012,4,2,1,54
2012,4,2,1,14
2012,4,2,0,14
2012,4,2,11,1598
2012,4,2,55,2838
2012,4,2,13,1433
2012,4,2,1,125
2012,4,2,0,4
2012,4,2,0,10
2012,4,2,0,0
2012,4,2,0,484
2012,4,2,21,1111
2012,4,2,3,558
2012,4,2,0,2
2012,5,2,0,0
2012,5,2,0,218
2012,5,2,0,31
2012,5,2,1,21
2012,5,2,1,97
2012,5,2,2,152
2012,5,2,1,707
2012,5,2,1,296
2012,5,2,0,5
2012,5,2,1,201
2012,5,2,35,1803
2012,5,2,5,521
2012,5,2,0,34
2012,5,2,0,129
2012,5,2,77,4077
2012,5,2,5,803
2012,5,2,1,29
2012,6,2,0,0
2012,6,2,3,20
2012,6,2,0,52
2012,6,2,0,14
2012,6,2,0,3
2012,6,2,1,94
2012,6,2,1,52
2012,6,2,0,204
2012,6,2,1,133
2012,6,2,0,19
2012,6,2,1,111
2012,6,2,3,139
2012,6,2,3,320
2012,6,2,3,652
2012,6,2,0,3
2012,6,2,2,100
2012,6,2,1,225
2012,6,2,0,6
2012,6,2,0,5
2012,7,3,0,0
2012,7,3,0,5
2012,7,3,0,3
2012,7,3,0,2
2012,7,3,0,4
2012,7,3,0,50
2012,7,3,0,36
2012,7,3,0,9
2012,7,3,1,44
2012,7,3,1,111
2012,7,3,0,4
2012,7,3,0,5
2012,7,3,1,242
2012,7,3,5,207
2012,7,3,0,12
2012,7,3,0,3
2012,7,3,0,61
2012,7,3,0,478
2012,7,3,2,140
2012,7,3,0,0
2012,8,3,8,3
2012,8,3,1,57
2012,8,3,0,14
2012,8,3,1,49
2012,8,3,0,1
2012,8,3,0,2
2012,8,3,0,3
2012,8,3,0,23
2012,8,3,4,131
2012,8,3,5,298
2012,8,3,1,94
2012,8,3,1,6
2012,8,3,0,27
2012,8,3,0,6
2012,8,3,0,11
2012,8,3,0,14
2012,8,3,0,53
2012,8,3,0,4
2012,8,3,0,205
2012,8,3,2,112
2012,9,3,0,25
2012,9,3,1,165
2012,9,3,1,47
2012,9,3,3,243
2012,9,3,2,154
2012,9,3,0,43
2012,9,3,0,13
2012,9,3,0,18
2012,9,3,6,206
2012,9,3,0,7
2012,10,4,0,37
2012,10,4,0,28
2012,10,4,0,12
2012,10,4,1,26
2012,11,4,0,19
2012,11,4,5,135
2012,11,4,1,56
2012,11,4,1,55
2012,12,4,0,31
